season,player_name,college,draft_year,down,distance,yards_gained,play_type,epa,scoring,yards_to_goal
2018,Desmond Ridder,Cincinnati,2022,,,16,pass,1.031358003616333,False,36.0
2018,Desmond Ridder,Cincinnati,2022,,,-3,pass,-2.0290184020996094,False,61.0
2018,Desmond Ridder,Cincinnati,2022,,,0,pass,-3.5652456283569336,False,32.0
2018,Desmond Ridder,Cincinnati,2022,,,5,pass,1.2924396991729736,False,43.0
2018,Desmond Ridder,Cincinnati,2022,,,0,pass,-2.0380682945251465,False,46.0
2018,Desmond Ridder,Cincinnati,2022,,,5,pass,0.0005705356597900391,False,51.0
2018,Desmond Ridder,Cincinnati,2022,,,1,pass,-0.6292636394500732,False,52.0
2018,Desmond Ridder,Cincinnati,2022,,,0,pass,-1.7380872964859009,False,56.0
2018,Desmond Ridder,Cincinnati,2022,,,0,pass,-0.6738436222076416,False,66.0
2018,Desmond Ridder,Cincinnati,2022,,,0,pass,-1.319881558418274,False,63.0
2018,Desmond Ridder,Cincinnati,2022,,,0,pass,-0.950494647026062,False,63.0
2018,Desmond Ridder,Cincinnati,2022,,,0,pass,-0.5288703441619873,False,63.0
2018,Desmond Ridder,Cincinnati,2022,,,0,pass,-1.2853724956512451,False,6.0
2018,Desmond Ridder,Cincinnati,2022,,,8,pass,0.2366877794265747,False,53.0
2018,Desmond Ridder,Cincinnati,2022,,,10,pass,0.2027825117111206,False,68.0
2018,Desmond Ridder,Cincinnati,2022,,,2,pass,-0.10138845443725586,False,4.0
2018,Desmond Ridder,Cincinnati,2022,,,0,pass,-0.5621519088745117,False,5.0
2018,Desmond Ridder,Cincinnati,2022,,,18,pass,1.6941800117492676,False,19.0
2018,Desmond Ridder,Cincinnati,2022,,,10,pass,1.2031075954437256,False,46.0
2018,Desmond Ridder,Cincinnati,2022,,,15,pass,2.5340116024017334,False,71.0
2018,Desmond Ridder,Cincinnati,2022,,,5,pass,0.5705044269561768,False,71.0
2018,Desmond Ridder,Cincinnati,2022,,,1,pass,-0.8745272159576416,False,81.0
2018,Desmond Ridder,Cincinnati,2022,,,4,pass,-0.6853415966033936,False,80.0
2018,Desmond Ridder,Cincinnati,2022,,,-5,pass,-1.2812291383743286,False,75.0
2018,Desmond Ridder,Cincinnati,2022,,,9,pass,3.0426981449127197,True,9.0
2018,Desmond Ridder,Cincinnati,2022,,,0,pass,-0.9535056352615356,False,75.0
2018,Desmond Ridder,Cincinnati,2022,,,0,pass,-1.2968268394470215,False,53.0
2018,Desmond Ridder,Cincinnati,2022,,,4,pass,1.2266058921813965,False,51.0
2018,Desmond Ridder,Cincinnati,2022,,,0,pass,-0.9406019449234009,False,63.0
2018,Desmond Ridder,Cincinnati,2022,,,-2,pass,-1.63221275806427,False,63.0
2018,Desmond Ridder,Cincinnati,2022,,,0,pass,-0.5912854671478271,False,42.0
2018,Desmond Ridder,Cincinnati,2022,,,7,pass,0.33330488204956055,False,71.0
2018,Desmond Ridder,Cincinnati,2022,,,13,pass,1.8410054445266724,False,63.0
2018,Desmond Ridder,Cincinnati,2022,,,14,pass,1.6575288772583008,False,89.0
2018,Desmond Ridder,Cincinnati,2022,,,22,pass,2.6683712005615234,True,22.0
2018,Desmond Ridder,Cincinnati,2022,,,-10,pass,-1.6786670684814453,False,20.0
2018,Desmond Ridder,Cincinnati,2022,,,8,pass,0.6479935646057129,False,30.0
2018,Desmond Ridder,Cincinnati,2022,,,61,pass,2.938508987426758,True,61.0
2018,Desmond Ridder,Cincinnati,2022,,,3,pass,-0.8852596282958984,False,77.0
2018,Desmond Ridder,Cincinnati,2022,,,22,pass,1.6995326280593872,False,74.0
2018,Desmond Ridder,Cincinnati,2022,,,0,pass,-0.5941073894500732,False,37.0
2018,Desmond Ridder,Cincinnati,2022,,,29,pass,2.417123794555664,True,29.0
2018,Desmond Ridder,Cincinnati,2022,,,18,pass,0.031024694442749023,False,79.0
2018,Desmond Ridder,Cincinnati,2022,,,10,pass,0.7916765213012695,False,55.0
2018,Desmond Ridder,Cincinnati,2022,,,16,pass,0.9860944747924805,False,45.0
2018,Desmond Ridder,Cincinnati,2022,,,3,pass,-0.1656506359577179,False,92.0
2018,Desmond Ridder,Cincinnati,2022,,,21,pass,1.9205856323242188,False,89.0
2018,Desmond Ridder,Cincinnati,2022,,,7,pass,0.29638075828552246,False,58.0
2018,Desmond Ridder,Cincinnati,2022,,,14,pass,2.3191771507263184,False,28.0
2018,Desmond Ridder,Cincinnati,2022,,,11,pass,1.2235093116760254,False,14.0
2018,Desmond Ridder,Cincinnati,2022,,,26,pass,2.6807212829589844,True,26.0
2018,Desmond Ridder,Cincinnati,2022,,,15,pass,0.23798918724060059,False,71.0
2018,Desmond Ridder,Cincinnati,2022,,,10,pass,0.7045986652374268,False,36.0
2018,Desmond Ridder,Cincinnati,2022,,,10,pass,1.0746047496795654,False,75.0
2018,Desmond Ridder,Cincinnati,2022,,,0,pass,-0.6070601940155029,False,65.0
2018,Desmond Ridder,Cincinnati,2022,,,0,pass,-0.7959580421447754,False,65.0
2018,Desmond Ridder,Cincinnati,2022,,,10,pass,2.014490842819214,False,65.0
2018,Desmond Ridder,Cincinnati,2022,,,1,pass,-0.6676969528198242,False,47.0
2018,Desmond Ridder,Cincinnati,2022,,,-1,pass,-1.0268750190734863,False,80.0
2018,Desmond Ridder,Cincinnati,2022,,,0,pass,-1.2682298421859741,False,76.0
2018,Desmond Ridder,Cincinnati,2022,,,77,pass,9.062642097473145,True,77.0
2018,Desmond Ridder,Cincinnati,2022,,,22,pass,1.732262134552002,False,54.0
2018,Desmond Ridder,Cincinnati,2022,,,9,pass,0.4893046021461487,False,80.0
2018,Desmond Ridder,Cincinnati,2022,,,14,pass,2.674708366394043,False,81.0
2018,Desmond Ridder,Cincinnati,2022,,,13,pass,2.4960625171661377,False,52.0
2018,Desmond Ridder,Cincinnati,2022,,,0,pass,-2.8930821418762207,False,85.0
2018,Desmond Ridder,Cincinnati,2022,,,0,pass,-0.8621723651885986,False,80.0
2018,Desmond Ridder,Cincinnati,2022,,,0,pass,-1.0144059658050537,False,80.0
2018,Desmond Ridder,Cincinnati,2022,,,7,pass,0.6478238105773926,False,66.0
2018,Desmond Ridder,Cincinnati,2022,,,0,pass,-0.8341695666313171,False,71.0
2018,Desmond Ridder,Cincinnati,2022,,,5,pass,-0.22133034467697144,False,71.0
2018,Desmond Ridder,Cincinnati,2022,,,0,pass,-1.0857534408569336,False,66.0
2018,Desmond Ridder,Cincinnati,2022,,,0,pass,-0.6323086023330688,False,65.0
2018,Desmond Ridder,Cincinnati,2022,,,0,pass,-1.5114898681640625,False,62.0
2018,Desmond Ridder,Cincinnati,2022,,,16,pass,2.961526870727539,False,30.0
2018,Desmond Ridder,Cincinnati,2022,,,2,pass,-0.6589443683624268,False,71.0
2018,Desmond Ridder,Cincinnati,2022,,,19,pass,1.2290592193603516,False,69.0
2018,Desmond Ridder,Cincinnati,2022,,,0,pass,-0.8684494495391846,False,36.0
2018,Desmond Ridder,Cincinnati,2022,,,38,pass,2.304433822631836,True,38.0
2018,Desmond Ridder,Cincinnati,2022,,,15,pass,3.541430950164795,True,15.0
2018,Desmond Ridder,Cincinnati,2022,,,32,pass,2.524231433868408,False,47.0
2018,Desmond Ridder,Cincinnati,2022,,,0,pass,-0.43028950691223145,False,15.0
2018,Desmond Ridder,Cincinnati,2022,,,12,pass,0.3812384605407715,False,79.0
2018,Desmond Ridder,Cincinnati,2022,,,12,pass,0.3206007480621338,False,67.0
2018,Desmond Ridder,Cincinnati,2022,,,8,pass,0.3956944942474365,False,55.0
2018,Desmond Ridder,Cincinnati,2022,,,-6,pass,-1.2780117988586426,False,80.0
2018,Desmond Ridder,Cincinnati,2022,,,0,pass,-0.8895255327224731,False,91.0
2018,Desmond Ridder,Cincinnati,2022,,,6,pass,1.2820971012115479,False,73.0
2018,Desmond Ridder,Cincinnati,2022,,,12,pass,0.6932644844055176,False,67.0
2018,Desmond Ridder,Cincinnati,2022,,,-3,pass,-0.9584872722625732,False,55.0
2018,Desmond Ridder,Cincinnati,2022,,,0,pass,-0.5502371788024902,False,3.0
2018,Desmond Ridder,Cincinnati,2022,,,5,pass,1.5736136436462402,False,31.0
2018,Desmond Ridder,Cincinnati,2022,,,0,pass,-0.5623202323913574,False,26.0
2018,Desmond Ridder,Cincinnati,2022,,,13,pass,1.2834606170654297,False,26.0
2018,Desmond Ridder,Cincinnati,2022,,,22,pass,1.677311658859253,False,88.0
2018,Desmond Ridder,Cincinnati,2022,,,8,pass,0.5425585508346558,False,66.0
2018,Desmond Ridder,Cincinnati,2022,,,6,pass,0.23372626304626465,False,58.0
2018,Desmond Ridder,Cincinnati,2022,,,12,pass,0.900266170501709,False,52.0
2018,Desmond Ridder,Cincinnati,2022,,,0,pass,-0.630622386932373,False,31.0
2018,Desmond Ridder,Cincinnati,2022,,,11,pass,1.0361963510513306,False,68.0
2018,Desmond Ridder,Cincinnati,2022,,,13,pass,0.9320086240768433,False,57.0
2018,Desmond Ridder,Cincinnati,2022,,,8,pass,0.9348025321960449,False,43.0
2018,Desmond Ridder,Cincinnati,2022,,,31,pass,3.0702929496765137,False,59.0
2018,Desmond Ridder,Cincinnati,2022,,,0,pass,-0.8683390617370605,False,32.0
2018,Desmond Ridder,Cincinnati,2022,,,24,pass,-5.3633503913879395,False,24.0
2018,Desmond Ridder,Cincinnati,2022,,,8,pass,0.6139445304870605,False,60.0
2018,Desmond Ridder,Cincinnati,2022,,,2,pass,-0.4784538745880127,False,52.0
2018,Desmond Ridder,Cincinnati,2022,,,0,pass,-0.9669724702835083,False,61.0
2018,Desmond Ridder,Cincinnati,2022,,,-6,pass,-1.8784047365188599,False,61.0
2018,Desmond Ridder,Cincinnati,2022,,,4,pass,-0.29447174072265625,False,83.0
2018,Desmond Ridder,Cincinnati,2022,,,16,pass,-3.571535110473633,False,46.0
2018,Desmond Ridder,Cincinnati,2022,,,15,pass,0.5485415458679199,True,15.0
2018,Desmond Ridder,Cincinnati,2022,,,4,pass,0.9265528321266174,False,67.0
2018,Desmond Ridder,Cincinnati,2022,,,0,pass,-0.4165914058685303,False,48.0
2018,Desmond Ridder,Cincinnati,2022,,,18,pass,1.4959890842437744,False,48.0
2018,Desmond Ridder,Cincinnati,2022,,,5,pass,0.3765287399291992,False,30.0
2018,Desmond Ridder,Cincinnati,2022,,,6,pass,-1.121441125869751,False,25.0
2018,Desmond Ridder,Cincinnati,2022,,,25,pass,2.99489688873291,True,25.0
2018,Desmond Ridder,Cincinnati,2022,,,0,pass,-0.9368104338645935,False,83.0
2018,Desmond Ridder,Cincinnati,2022,,,0,pass,-1.2954744100570679,False,83.0
2018,Desmond Ridder,Cincinnati,2022,,,0,pass,-1.0328489542007446,False,74.0
2018,Desmond Ridder,Cincinnati,2022,,,28,pass,3.7359912395477295,False,74.0
2018,Desmond Ridder,Cincinnati,2022,,,10,pass,1.2534854412078857,False,44.0
2018,Desmond Ridder,Cincinnati,2022,,,0,pass,-0.7971274852752686,False,11.0
2018,Desmond Ridder,Cincinnati,2022,,,0,pass,-1.0625932216644287,False,11.0
2018,Desmond Ridder,Cincinnati,2022,,,3,pass,-0.6598800420761108,False,83.0
2018,Desmond Ridder,Cincinnati,2022,,,0,pass,-1.2106869220733643,False,81.0
2018,Desmond Ridder,Cincinnati,2022,,,-15,pass,-0.5729854106903076,False,25.0
2018,Desmond Ridder,Cincinnati,2022,,,16,pass,-0.6785667538642883,False,40.0
2018,Desmond Ridder,Cincinnati,2022,,,7,pass,0.27213120460510254,False,78.0
2018,Desmond Ridder,Cincinnati,2022,,,0,pass,-0.27996307611465454,False,71.0
2018,Desmond Ridder,Cincinnati,2022,,,-7,pass,-0.8561643958091736,False,63.0
2018,Desmond Ridder,Cincinnati,2022,,,0,pass,-1.2337220907211304,False,72.0
2018,Desmond Ridder,Cincinnati,2022,,,6,pass,-0.7799550294876099,False,75.0
2018,Desmond Ridder,Cincinnati,2022,,,6,pass,1.7597875595092773,False,60.0
2018,Desmond Ridder,Cincinnati,2022,,,0,pass,-0.9558572769165039,False,60.0
2018,Desmond Ridder,Cincinnati,2022,,,14,pass,1.6728590726852417,False,58.0
2018,Desmond Ridder,Cincinnati,2022,,,10,pass,0.5241856575012207,False,44.0
2018,Desmond Ridder,Cincinnati,2022,,,5,pass,1.1128647327423096,False,27.0
2018,Desmond Ridder,Cincinnati,2022,,,0,pass,-0.7690577507019043,False,22.0
2018,Desmond Ridder,Cincinnati,2022,,,0,pass,-3.073901891708374,False,22.0
2018,Desmond Ridder,Cincinnati,2022,,,15,pass,1.336001992225647,False,47.0
2018,Desmond Ridder,Cincinnati,2022,,,0,pass,-0.2228604555130005,False,63.0
2018,Desmond Ridder,Cincinnati,2022,,,0,pass,-0.3029888868331909,False,63.0
2018,Desmond Ridder,Cincinnati,2022,,,0,pass,-0.19304168224334717,False,50.0
2018,Desmond Ridder,Cincinnati,2022,,,9,pass,0.7914787530899048,False,67.0
2018,Desmond Ridder,Cincinnati,2022,,,12,pass,0.5020725727081299,False,32.0
2018,Desmond Ridder,Cincinnati,2022,,,0,pass,-0.7351629734039307,False,18.0
2018,Desmond Ridder,Cincinnati,2022,,,-2,pass,-1.0686681270599365,False,18.0
2018,Desmond Ridder,Cincinnati,2022,,,1,pass,-0.7797188758850098,False,45.0
2018,Desmond Ridder,Cincinnati,2022,,,15,pass,2.5242486000061035,False,42.0
2018,Desmond Ridder,Cincinnati,2022,,,0,pass,-0.7947015762329102,False,26.0
2018,Desmond Ridder,Cincinnati,2022,,,0,pass,-1.8307822942733765,False,60.0
2018,Desmond Ridder,Cincinnati,2022,,,-6,pass,-1.3397371768951416,False,75.0
2018,Desmond Ridder,Cincinnati,2022,,,0,pass,-0.900653600692749,False,81.0
2018,Desmond Ridder,Cincinnati,2022,,,3,pass,-0.5708657503128052,False,83.0
2018,Desmond Ridder,Cincinnati,2022,,,10,pass,1.5296286344528198,False,80.0
2018,Desmond Ridder,Cincinnati,2022,,,0,pass,-0.8295044302940369,False,70.0
2018,Desmond Ridder,Cincinnati,2022,,,-3,pass,-5.23649787902832,False,69.0
2018,Desmond Ridder,Cincinnati,2022,,,8,pass,-0.4146191477775574,False,80.0
2018,Desmond Ridder,Cincinnati,2022,,,6,pass,0.1341957449913025,False,72.0
2018,Desmond Ridder,Cincinnati,2022,,,5,pass,0.5184906721115112,False,59.0
2018,Desmond Ridder,Cincinnati,2022,,,11,pass,1.240074872970581,False,35.0
2018,Desmond Ridder,Cincinnati,2022,,,7,pass,0.28448253870010376,False,75.0
2018,Desmond Ridder,Cincinnati,2022,,,13,pass,0.8437168598175049,False,56.0
2018,Desmond Ridder,Cincinnati,2022,,,0,pass,-1.7849018573760986,False,36.0
2018,Desmond Ridder,Cincinnati,2022,,,0,pass,-2.945920944213867,False,36.0
2018,Desmond Ridder,Cincinnati,2022,,,5,pass,-0.2877793610095978,False,75.0
2018,Desmond Ridder,Cincinnati,2022,,,-7,pass,-2.255465507507324,False,70.0
2018,Desmond Ridder,Cincinnati,2022,,,7,pass,0.07410973310470581,False,79.0
2018,Desmond Ridder,Cincinnati,2022,,,-11,pass,-1.9197050333023071,False,72.0
2018,Desmond Ridder,Cincinnati,2022,,,9,pass,-0.5564860105514526,False,83.0
2018,Desmond Ridder,Cincinnati,2022,,,5,pass,-0.06782609224319458,False,79.0
2018,Desmond Ridder,Cincinnati,2022,,,8,pass,1.6409095525741577,False,74.0
2018,Desmond Ridder,Cincinnati,2022,,,0,pass,-1.4564852714538574,False,66.0
2018,Desmond Ridder,Cincinnati,2022,,,20,pass,2.2886343002319336,False,33.0
2018,Desmond Ridder,Cincinnati,2022,,,5,pass,-0.9031684398651123,False,12.0
2018,Desmond Ridder,Cincinnati,2022,,,32,pass,3.9683587551116943,True,32.0
2018,Desmond Ridder,Cincinnati,2022,,,0,pass,-1.0174181461334229,False,32.0
2018,Desmond Ridder,Cincinnati,2022,,,0,pass,-0.8999409675598145,False,32.0
2018,Desmond Ridder,Cincinnati,2022,,,0,pass,-0.5177743434906006,False,48.0
2018,Desmond Ridder,Cincinnati,2022,,,0,pass,-0.10956805944442749,False,55.0
2018,Desmond Ridder,Cincinnati,2022,,,7,pass,0.3965216279029846,False,55.0
2018,Desmond Ridder,Cincinnati,2022,,,0,pass,-0.2883753776550293,False,59.0
2018,Desmond Ridder,Cincinnati,2022,,,10,pass,0.565381646156311,False,74.0
2018,Desmond Ridder,Cincinnati,2022,,,5,pass,0.09826409816741943,False,64.0
2018,Desmond Ridder,Cincinnati,2022,,,6,pass,-5.58413028717041,False,41.0
2018,Desmond Ridder,Cincinnati,2022,,,0,pass,-3.55450701713562,False,15.0
2018,Desmond Ridder,Cincinnati,2022,,,17,pass,0.999255895614624,False,66.0
2018,Desmond Ridder,Cincinnati,2022,,,5,pass,-0.09722900390625,False,48.0
2018,Desmond Ridder,Cincinnati,2022,,,11,pass,1.6851086616516113,False,43.0
2018,Desmond Ridder,Cincinnati,2022,,,3,pass,-0.3004932403564453,False,32.0
2018,Desmond Ridder,Cincinnati,2022,,,9,pass,0.22063970565795898,False,39.0
2018,Desmond Ridder,Cincinnati,2022,,,8,pass,1.8365452289581299,False,30.0
2018,Desmond Ridder,Cincinnati,2022,,,0,pass,-0.5549764633178711,False,22.0
2018,Desmond Ridder,Cincinnati,2022,,,12,pass,0.3807809352874756,False,27.0
2018,Desmond Ridder,Cincinnati,2022,,,-1,pass,-1.915412425994873,False,74.0
2018,Desmond Ridder,Cincinnati,2022,,,0,pass,-0.646181583404541,False,45.0
2018,Desmond Ridder,Cincinnati,2022,,,11,pass,1.352203369140625,False,45.0
2018,Desmond Ridder,Cincinnati,2022,,,8,pass,0.6517171859741211,False,34.0
2018,Desmond Ridder,Cincinnati,2022,,,0,pass,-1.750328540802002,False,27.0
2018,Desmond Ridder,Cincinnati,2022,,,11,pass,0.3929910659790039,False,54.0
2018,Desmond Ridder,Cincinnati,2022,,,18,pass,2.636180877685547,False,43.0
2018,Desmond Ridder,Cincinnati,2022,,,1,pass,-3.3988561630249023,False,12.0
2018,Desmond Ridder,Cincinnati,2022,,,-15,pass,-2.3234658241271973,False,63.0
2018,Desmond Ridder,Cincinnati,2022,,,30,pass,4.531960964202881,False,76.0
2018,Desmond Ridder,Cincinnati,2022,,,32,pass,2.291436195373535,True,32.0
2018,Desmond Ridder,Cincinnati,2022,,,21,pass,1.4725912809371948,False,62.0
2018,Desmond Ridder,Cincinnati,2022,,,9,pass,-3.403209686279297,False,41.0
2018,Desmond Ridder,Cincinnati,2022,,,55,pass,4.373239517211914,True,55.0
2018,Desmond Ridder,Cincinnati,2022,,,8,pass,0.34798693656921387,False,76.0
2018,Desmond Ridder,Cincinnati,2022,,,4,pass,0.13911151885986328,False,68.0
2018,Desmond Ridder,Cincinnati,2022,,,11,pass,0.30243587493896484,False,64.0
2018,Desmond Ridder,Cincinnati,2022,,,0,pass,-0.8102741241455078,False,50.0
2018,Desmond Ridder,Cincinnati,2022,,,9,pass,0.09152579307556152,False,47.0
2018,Desmond Ridder,Cincinnati,2022,,,0,pass,-0.973925769329071,False,73.0
2018,Desmond Ridder,Cincinnati,2022,,,8,pass,2.05792236328125,False,73.0
2018,Desmond Ridder,Cincinnati,2022,,,10,pass,1.5008761882781982,False,59.0
2018,Desmond Ridder,Cincinnati,2022,,,10,pass,0.6756479740142822,False,44.0
2018,Desmond Ridder,Cincinnati,2022,,,28,pass,1.5134429931640625,False,34.0
2018,Desmond Ridder,Cincinnati,2022,,,6,pass,0.2751278877258301,False,38.0
2018,Desmond Ridder,Cincinnati,2022,,,13,pass,1.4995728731155396,False,81.0
2018,Desmond Ridder,Cincinnati,2022,,,0,pass,-0.6399385929107666,False,68.0
2018,Desmond Ridder,Cincinnati,2022,,,0,pass,-0.5757575035095215,False,54.0
2018,Desmond Ridder,Cincinnati,2022,,,7,pass,0.03199577331542969,False,54.0
2018,Desmond Ridder,Cincinnati,2022,,,9,pass,0.9742069244384766,False,50.0
2018,Desmond Ridder,Cincinnati,2022,,,6,pass,0.057379961013793945,False,63.0
2018,Desmond Ridder,Cincinnati,2022,,,13,pass,2.9475879669189453,False,45.0
2018,Desmond Ridder,Cincinnati,2022,,,0,pass,-0.6730592250823975,False,72.0
2018,Desmond Ridder,Cincinnati,2022,,,4,pass,-0.41537439823150635,False,72.0
2018,Desmond Ridder,Cincinnati,2022,,,0,pass,-1.4824386835098267,False,68.0
2018,Desmond Ridder,Cincinnati,2022,,,11,pass,0.6169989109039307,False,39.0
2018,Desmond Ridder,Cincinnati,2022,,,43,pass,1.7458603382110596,False,77.0
2018,Desmond Ridder,Cincinnati,2022,,,31,pass,2.995675802230835,False,32.0
2018,Desmond Ridder,Cincinnati,2022,,,6,pass,0.21924161911010742,False,21.0
2018,Desmond Ridder,Cincinnati,2022,,,14,pass,2.131204128265381,False,15.0
2018,Desmond Ridder,Cincinnati,2022,,,-7,pass,-1.3920152187347412,False,46.0
2018,Desmond Ridder,Cincinnati,2022,,,0,pass,-1.2928887605667114,False,48.0
2018,Desmond Ridder,Cincinnati,2022,,,0,pass,-0.7418296337127686,False,12.0
2018,Desmond Ridder,Cincinnati,2022,,,-9,pass,-1.3221185207366943,False,12.0
2018,Desmond Ridder,Cincinnati,2022,,,2,pass,-0.6911237239837646,False,28.0
2018,Desmond Ridder,Cincinnati,2022,,,7,pass,0.4967687129974365,False,26.0
2018,Desmond Ridder,Cincinnati,2022,,,13,pass,2.757058620452881,True,13.0
2018,Desmond Ridder,Cincinnati,2022,,,1,pass,-0.5352568626403809,False,19.0
2018,Desmond Ridder,Cincinnati,2022,,,5,pass,0.027999401092529297,False,18.0
2018,Desmond Ridder,Cincinnati,2022,,,16,pass,1.6647982597351074,False,60.0
2018,Desmond Ridder,Cincinnati,2022,,,12,pass,0.7589523792266846,False,31.0
2018,Desmond Ridder,Cincinnati,2022,,,-4,pass,-1.2045862674713135,False,61.0
2018,Desmond Ridder,Cincinnati,2022,,,2,pass,-1.0145134925842285,False,63.0
2018,Desmond Ridder,Cincinnati,2022,,,8,pass,3.1547770500183105,True,8.0
2018,Desmond Ridder,Cincinnati,2022,,,0,pass,-0.9533846974372864,False,71.0
2018,Desmond Ridder,Cincinnati,2022,,,0,pass,-1.8583407402038574,False,65.0
2018,Desmond Ridder,Cincinnati,2022,,,0,pass,-1.8587180376052856,False,71.0
2018,Desmond Ridder,Cincinnati,2022,,,0,pass,-0.729058563709259,False,81.0
2018,Desmond Ridder,Cincinnati,2022,,,0,pass,-0.46425363421440125,False,83.0
2018,Desmond Ridder,Cincinnati,2022,,,9,pass,1.1974146366119385,False,56.0
2018,Desmond Ridder,Cincinnati,2022,,,21,pass,3.263918876647949,False,77.0
2018,Desmond Ridder,Cincinnati,2022,,,-2,pass,-1.0749379396438599,False,75.0
2018,Desmond Ridder,Cincinnati,2022,,,-5,pass,-2.0820746421813965,False,42.0
2018,Desmond Ridder,Cincinnati,2022,,,15,pass,1.9418916702270508,False,58.0
2018,Desmond Ridder,Cincinnati,2022,,,0,pass,-0.8339008688926697,False,71.0
2018,Desmond Ridder,Cincinnati,2022,,,-8,pass,-4.4546637535095215,False,19.0
2018,Desmond Ridder,Cincinnati,2022,,,-2,pass,-0.6727749109268188,False,17.0
2018,Desmond Ridder,Cincinnati,2022,,,0,pass,-0.46451568603515625,False,12.0
2018,Desmond Ridder,Cincinnati,2022,,,11,pass,1.2385385036468506,False,23.0
2018,Desmond Ridder,Cincinnati,2022,,,0,pass,-0.30010080337524414,False,28.0
2018,Desmond Ridder,Cincinnati,2022,,,10,pass,1.4425747394561768,False,38.0
2018,Desmond Ridder,Cincinnati,2022,,,11,pass,0.6590211391448975,False,49.0
2018,Desmond Ridder,Cincinnati,2022,,,22,pass,2.3021438121795654,False,61.0
2018,Desmond Ridder,Cincinnati,2022,,,5,pass,0.26919859647750854,False,75.0
2018,Desmond Ridder,Cincinnati,2022,,,0,pass,-0.7315218448638916,False,66.0
2018,Desmond Ridder,Cincinnati,2022,,,0,pass,-0.9608159065246582,False,24.0
2018,Desmond Ridder,Cincinnati,2022,,,-4,pass,-1.3485854864120483,False,42.0
2018,Desmond Ridder,Cincinnati,2022,,,0,pass,-1.1862876415252686,False,21.0
2018,Desmond Ridder,Cincinnati,2022,,,0,pass,-0.7844042778015137,False,21.0
2018,Desmond Ridder,Cincinnati,2022,,,5,pass,0.08101105690002441,False,33.0
2018,Desmond Ridder,Cincinnati,2022,,,0,pass,-1.8529562950134277,False,39.0
2018,Desmond Ridder,Cincinnati,2022,,,20,pass,2.065769672393799,False,60.0
2018,Desmond Ridder,Cincinnati,2022,,,0,pass,-0.8092772364616394,False,85.0
2018,Desmond Ridder,Cincinnati,2022,,,0,pass,-1.2519737482070923,False,25.0
2018,Desmond Ridder,Cincinnati,2022,,,4,pass,-0.16473901271820068,False,47.0
2018,Desmond Ridder,Cincinnati,2022,,,10,pass,0.8312199115753174,False,43.0
2018,Desmond Ridder,Cincinnati,2022,,,0,pass,-0.3115776777267456,False,33.0
2018,Desmond Ridder,Cincinnati,2022,,,9,pass,0.5585790872573853,False,33.0
2018,Desmond Ridder,Cincinnati,2022,,,0,pass,-0.6858958005905151,False,24.0
2018,Desmond Ridder,Cincinnati,2022,,,28,pass,5.244209289550781,True,28.0
2018,Desmond Ridder,Cincinnati,2022,,,0,pass,-0.5044928789138794,False,60.0
2018,Desmond Ridder,Cincinnati,2022,,,17,pass,1.3659297227859497,False,60.0
2018,Desmond Ridder,Cincinnati,2022,,,0,pass,-0.4839751720428467,False,43.0
2018,Desmond Ridder,Cincinnati,2022,,,9,pass,0.5464675426483154,False,43.0
2018,Desmond Ridder,Cincinnati,2022,,,20,pass,2.5677061080932617,False,34.0
2018,Desmond Ridder,Cincinnati,2022,,,27,pass,1.980067253112793,False,34.0
2018,Desmond Ridder,Cincinnati,2022,,,0,pass,-0.5366272926330566,False,7.0
2018,Desmond Ridder,Cincinnati,2022,,,5,pass,0.37056541442871094,False,7.0
2018,Desmond Ridder,Cincinnati,2022,,,57,pass,3.1281239986419678,True,57.0
2018,Desmond Ridder,Cincinnati,2022,,,30,pass,2.56036376953125,True,30.0
2018,Desmond Ridder,Cincinnati,2022,,,0,pass,-0.7522895336151123,False,56.0
2018,Desmond Ridder,Cincinnati,2022,,,20,pass,2.455463409423828,False,55.0
2018,Desmond Ridder,Cincinnati,2022,,,10,pass,1.5187873840332031,False,51.0
2018,Desmond Ridder,Cincinnati,2022,,,11,pass,0.515559196472168,False,41.0
2018,Desmond Ridder,Cincinnati,2022,,,2,pass,-0.5712873935699463,False,28.0
2018,Desmond Ridder,Cincinnati,2022,,,0,pass,-2.5537755489349365,False,23.0
2018,Desmond Ridder,Cincinnati,2022,,,10,pass,2.7626171112060547,True,10.0
2018,Desmond Ridder,Cincinnati,2022,,,12,pass,0.9700129628181458,False,75.0
2018,Desmond Ridder,Cincinnati,2022,,,0,pass,-0.6792898178100586,False,63.0
2018,Desmond Ridder,Cincinnati,2022,,,10,pass,0.6983468532562256,False,68.0
2018,Desmond Ridder,Cincinnati,2022,,,20,pass,2.61295485496521,False,58.0
2018,Desmond Ridder,Cincinnati,2022,,,24,pass,1.1827547550201416,False,38.0
2018,Desmond Ridder,Cincinnati,2022,,,0,pass,-0.8301200866699219,False,47.0
2018,Desmond Ridder,Cincinnati,2022,,,22,pass,2.4141829013824463,False,59.0
2018,Desmond Ridder,Cincinnati,2022,,,0,pass,-0.8642032146453857,False,58.0
2018,Desmond Ridder,Cincinnati,2022,,,14,pass,0.9862539768218994,False,81.0
2018,Desmond Ridder,Cincinnati,2022,,,38,pass,5.011674404144287,True,38.0
2018,Desmond Ridder,Cincinnati,2022,,,0,pass,-0.6064035892486572,False,40.0
2018,Desmond Ridder,Cincinnati,2022,,,12,pass,1.0010029077529907,False,75.0
2019,Desmond Ridder,Cincinnati,2022,,,42,pass,-8.901248931884766,False,9.0
2019,Desmond Ridder,Cincinnati,2022,,,6,pass,0.9542515277862549,False,13.0
2019,Desmond Ridder,Cincinnati,2022,,,46,pass,4.738737106323242,False,62.0
2019,Desmond Ridder,Cincinnati,2022,,,0,pass,-0.7590043544769287,False,94.0
2019,Desmond Ridder,Cincinnati,2022,,,-8,pass,-2.22336745262146,False,47.0
2019,Desmond Ridder,Cincinnati,2022,,,4,pass,0.06548726558685303,False,50.0
2019,Desmond Ridder,Cincinnati,2022,,,20,pass,2.820368528366089,False,70.0
2019,Desmond Ridder,Cincinnati,2022,,,0,pass,-0.29452651739120483,False,56.0
2019,Desmond Ridder,Cincinnati,2022,,,5,pass,-0.05643641948699951,False,61.0
2019,Desmond Ridder,Cincinnati,2022,,,14,pass,0.38289737701416016,False,75.0
2019,Desmond Ridder,Cincinnati,2022,,,0,pass,-0.9368404150009155,False,71.0
2019,Desmond Ridder,Cincinnati,2022,,,3,pass,-0.14777588844299316,False,74.0
2019,Desmond Ridder,Cincinnati,2022,,,-1,pass,-1.3131893873214722,False,73.0
2019,Desmond Ridder,Cincinnati,2022,,,13,pass,1.545759916305542,False,29.0
2019,Desmond Ridder,Cincinnati,2022,,,-7,pass,-1.840015172958374,False,22.0
2019,Desmond Ridder,Cincinnati,2022,,,8,pass,0.217681884765625,False,54.0
2019,Desmond Ridder,Cincinnati,2022,,,0,pass,-0.8259416222572327,False,54.0
2019,Desmond Ridder,Cincinnati,2022,,,1,pass,-0.412109375,False,55.0
2019,Desmond Ridder,Cincinnati,2022,,,25,pass,2.51995849609375,False,80.0
2019,Desmond Ridder,Cincinnati,2022,,,0,pass,-0.5891073942184448,False,80.0
2019,Desmond Ridder,Cincinnati,2022,,,-7,pass,-2.221196174621582,False,53.0
2019,Desmond Ridder,Cincinnati,2022,,,21,pass,1.6666663885116577,False,75.0
2019,Desmond Ridder,Cincinnati,2022,,,0,pass,-0.9975786209106445,False,97.0
2019,Desmond Ridder,Cincinnati,2022,,,4,pass,1.0431232452392578,True,4.0
2019,Desmond Ridder,Cincinnati,2022,,,5,pass,-0.06792831420898438,False,45.0
2019,Desmond Ridder,Cincinnati,2022,,,6,pass,0.0004253387451171875,False,30.0
2019,Desmond Ridder,Cincinnati,2022,,,5,pass,0.6973352432250977,False,59.0
2019,Desmond Ridder,Cincinnati,2022,,,8,pass,0.2693824768066406,False,54.0
2019,Desmond Ridder,Cincinnati,2022,,,12,pass,0.8169245719909668,False,24.0
2019,Desmond Ridder,Cincinnati,2022,,,13,pass,1.4466595649719238,True,13.0
2019,Desmond Ridder,Cincinnati,2022,,,6,pass,-1.1919481754302979,False,88.0
2019,Desmond Ridder,Cincinnati,2022,,,46,pass,2.221641778945923,False,77.0
2019,Desmond Ridder,Cincinnati,2022,,,15,pass,1.008406162261963,False,28.0
2019,Desmond Ridder,Cincinnati,2022,,,6,pass,0.09374487400054932,False,94.0
2019,Desmond Ridder,Cincinnati,2022,,,0,pass,-1.2986668348312378,False,92.0
2019,Desmond Ridder,Cincinnati,2022,,,17,pass,4.216684341430664,True,17.0
2019,Desmond Ridder,Cincinnati,2022,,,15,pass,0.5169310569763184,False,64.0
2019,Desmond Ridder,Cincinnati,2022,,,5,pass,0.0737762451171875,False,34.0
2019,Desmond Ridder,Cincinnati,2022,,,0,pass,-0.8436675071716309,False,29.0
2019,Desmond Ridder,Cincinnati,2022,,,5,pass,0.2873845100402832,False,18.0
2019,Desmond Ridder,Cincinnati,2022,,,0,pass,-0.6600637435913086,False,8.0
2019,Desmond Ridder,Cincinnati,2022,,,3,pass,1.9748353958129883,False,8.0
2019,Desmond Ridder,Cincinnati,2022,,,-15,pass,-1.9414536952972412,False,4.0
2019,Desmond Ridder,Cincinnati,2022,,,13,pass,1.8821120262145996,True,13.0
2019,Desmond Ridder,Cincinnati,2022,,,26,pass,1.664436936378479,False,61.0
2019,Desmond Ridder,Cincinnati,2022,,,14,pass,0.8801717758178711,False,35.0
2019,Desmond Ridder,Cincinnati,2022,,,1,pass,-2.7786779403686523,False,28.0
2019,Desmond Ridder,Cincinnati,2022,,,19,pass,0.8490524291992188,False,65.0
2019,Desmond Ridder,Cincinnati,2022,,,21,pass,3.2707455158233643,True,21.0
2019,Desmond Ridder,Cincinnati,2022,,,7,pass,0.4923362731933594,False,25.0
2019,Desmond Ridder,Cincinnati,2022,,,10,pass,1.258264183998108,False,58.0
2019,Desmond Ridder,Cincinnati,2022,,,12,pass,2.099860668182373,False,71.0
2019,Desmond Ridder,Cincinnati,2022,,,-8,pass,-1.8815667629241943,False,76.0
2019,Desmond Ridder,Cincinnati,2022,,,81,pass,0.2117609977722168,False,2.0
2019,Desmond Ridder,Cincinnati,2022,,,0,pass,-0.4339895248413086,False,20.0
2019,Desmond Ridder,Cincinnati,2022,,,0,pass,-0.9393759369850159,False,38.0
2019,Desmond Ridder,Cincinnati,2022,,,15,pass,0.5292541980743408,False,55.0
2019,Desmond Ridder,Cincinnati,2022,,,9,pass,0.42321252822875977,False,61.0
2019,Desmond Ridder,Cincinnati,2022,,,4,pass,0.10096049308776855,False,67.0
2019,Desmond Ridder,Cincinnati,2022,,,5,pass,-0.05716097354888916,False,72.0
2019,Desmond Ridder,Cincinnati,2022,,,0,pass,-1.1808435916900635,False,27.0
2019,Desmond Ridder,Cincinnati,2022,,,0,pass,-0.7521164417266846,False,27.0
2019,Desmond Ridder,Cincinnati,2022,,,11,pass,1.9776735305786133,False,39.0
2019,Desmond Ridder,Cincinnati,2022,,,15,pass,2.007690906524658,False,55.0
2019,Desmond Ridder,Cincinnati,2022,,,15,pass,0.8088326454162598,False,36.0
2019,Desmond Ridder,Cincinnati,2022,,,17,pass,2.319164276123047,False,53.0
2019,Desmond Ridder,Cincinnati,2022,,,0,pass,-0.933038592338562,False,53.0
2019,Desmond Ridder,Cincinnati,2022,,,8,pass,1.1495320796966553,False,64.0
2019,Desmond Ridder,Cincinnati,2022,,,5,pass,-0.07401847839355469,False,72.0
2019,Desmond Ridder,Cincinnati,2022,,,16,pass,2.4925708770751953,True,16.0
2019,Desmond Ridder,Cincinnati,2022,,,52,pass,4.365065574645996,False,67.0
2019,Desmond Ridder,Cincinnati,2022,,,0,pass,-0.9348663091659546,False,77.0
2019,Desmond Ridder,Cincinnati,2022,,,0,pass,-2.119211196899414,False,13.0
2019,Desmond Ridder,Cincinnati,2022,,,0,pass,-0.5746800899505615,False,47.0
2019,Desmond Ridder,Cincinnati,2022,,,51,pass,3.305102825164795,True,51.0
2019,Desmond Ridder,Cincinnati,2022,,,5,pass,1.1161680221557617,False,56.0
2019,Desmond Ridder,Cincinnati,2022,,,0,pass,-0.7368659973144531,False,71.0
2019,Desmond Ridder,Cincinnati,2022,,,0,pass,-3.8324575424194336,False,70.0
2019,Desmond Ridder,Cincinnati,2022,,,27,pass,4.892461776733398,True,27.0
2019,Desmond Ridder,Cincinnati,2022,,,0,pass,-0.6250451803207397,False,63.0
2019,Desmond Ridder,Cincinnati,2022,,,-10,pass,-2.2257766723632812,False,63.0
2019,Desmond Ridder,Cincinnati,2022,,,10,pass,1.2846646308898926,False,53.0
2019,Desmond Ridder,Cincinnati,2022,,,0,pass,-0.604783296585083,False,32.0
2019,Desmond Ridder,Cincinnati,2022,,,2,pass,-0.031261444091796875,False,19.0
2019,Desmond Ridder,Cincinnati,2022,,,15,pass,2.1771538257598877,False,17.0
2019,Desmond Ridder,Cincinnati,2022,,,4,pass,-0.03018975257873535,False,46.0
2019,Desmond Ridder,Cincinnati,2022,,,7,pass,-0.2664588689804077,False,47.0
2019,Desmond Ridder,Cincinnati,2022,,,11,pass,2.6567885875701904,False,40.0
2019,Desmond Ridder,Cincinnati,2022,,,0,pass,-0.39412474632263184,False,29.0
2019,Desmond Ridder,Cincinnati,2022,,,0,pass,-0.6971675157546997,False,82.0
2019,Desmond Ridder,Cincinnati,2022,,,23,pass,2.5736567974090576,False,82.0
2019,Desmond Ridder,Cincinnati,2022,,,0,pass,-0.5270403623580933,False,59.0
2019,Desmond Ridder,Cincinnati,2022,,,0,pass,-1.501920223236084,False,56.0
2019,Desmond Ridder,Cincinnati,2022,,,-5,pass,-1.1838284730911255,False,83.0
2019,Desmond Ridder,Cincinnati,2022,,,0,pass,-0.7286710739135742,False,88.0
2019,Desmond Ridder,Cincinnati,2022,,,7,pass,0.12780094146728516,False,15.0
2019,Desmond Ridder,Cincinnati,2022,,,7,pass,0.983283519744873,False,43.0
2019,Desmond Ridder,Cincinnati,2022,,,9,pass,0.9358601570129395,False,36.0
2019,Desmond Ridder,Cincinnati,2022,,,8,pass,0.9563486576080322,False,24.0
2019,Desmond Ridder,Cincinnati,2022,,,-5,pass,-1.1753461360931396,False,79.0
2019,Desmond Ridder,Cincinnati,2022,,,0,pass,-0.8960654735565186,False,84.0
2019,Desmond Ridder,Cincinnati,2022,,,-3,pass,-1.3217167854309082,False,60.0
2019,Desmond Ridder,Cincinnati,2022,,,0,pass,-1.01622474193573,False,73.0
2019,Desmond Ridder,Cincinnati,2022,,,0,pass,-0.9486554861068726,False,73.0
2019,Desmond Ridder,Cincinnati,2022,,,-1,pass,-1.7397935390472412,False,45.0
2019,Desmond Ridder,Cincinnati,2022,,,6,pass,1.278059959411621,False,74.0
2019,Desmond Ridder,Cincinnati,2022,,,11,pass,1.5878028869628906,True,11.0
2019,Desmond Ridder,Cincinnati,2022,,,7,pass,0.49269819259643555,False,57.0
2019,Desmond Ridder,Cincinnati,2022,,,-9,pass,-2.559901475906372,False,63.0
2019,Desmond Ridder,Cincinnati,2022,,,17,pass,1.5846226215362549,False,22.0
2019,Desmond Ridder,Cincinnati,2022,,,5,pass,-0.2217109203338623,False,29.0
2019,Desmond Ridder,Cincinnati,2022,,,0,pass,-0.5908725261688232,False,29.0
2019,Desmond Ridder,Cincinnati,2022,,,22,pass,1.6562726497650146,False,62.0
2019,Desmond Ridder,Cincinnati,2022,,,13,pass,1.3600037097930908,False,75.0
2019,Desmond Ridder,Cincinnati,2022,,,11,pass,0.20339316129684448,False,58.0
2019,Desmond Ridder,Cincinnati,2022,,,7,pass,0.4674038887023926,False,76.0
2019,Desmond Ridder,Cincinnati,2022,,,5,pass,2.781841278076172,True,5.0
2019,Desmond Ridder,Cincinnati,2022,,,1,pass,-0.7556309700012207,False,6.0
2019,Desmond Ridder,Cincinnati,2022,,,0,pass,-1.358088731765747,False,21.0
2019,Desmond Ridder,Cincinnati,2022,,,10,pass,0.5591785907745361,False,34.0
2019,Desmond Ridder,Cincinnati,2022,,,26,pass,2.129058361053467,False,73.0
2019,Desmond Ridder,Cincinnati,2022,,,2,pass,-1.3485982418060303,False,45.0
2019,Desmond Ridder,Cincinnati,2022,,,0,pass,-0.5735855102539062,False,41.0
2019,Desmond Ridder,Cincinnati,2022,,,2,pass,-1.5273572206497192,False,63.0
2019,Desmond Ridder,Cincinnati,2022,,,0,pass,-0.8150157928466797,False,63.0
2019,Desmond Ridder,Cincinnati,2022,,,12,pass,0.9089799523353577,False,75.0
2019,Desmond Ridder,Cincinnati,2022,,,0,pass,-0.7980379462242126,False,62.0
2019,Desmond Ridder,Cincinnati,2022,,,0,pass,-0.9268556833267212,False,40.0
2019,Desmond Ridder,Cincinnati,2022,,,0,pass,-1.4500043392181396,False,15.0
2019,Desmond Ridder,Cincinnati,2022,,,11,pass,3.122222900390625,True,11.0
2019,Desmond Ridder,Cincinnati,2022,,,-7,pass,-1.7230212688446045,False,35.0
2019,Desmond Ridder,Cincinnati,2022,,,36,pass,3.757725238800049,False,67.0
2019,Desmond Ridder,Cincinnati,2022,,,0,pass,-0.583604097366333,False,31.0
2019,Desmond Ridder,Cincinnati,2022,,,10,pass,1.1991212368011475,False,31.0
2019,Desmond Ridder,Cincinnati,2022,,,0,pass,-1.1476426124572754,False,21.0
2019,Desmond Ridder,Cincinnati,2022,,,0,pass,-0.80741286277771,False,48.0
2019,Desmond Ridder,Cincinnati,2022,,,15,pass,1.2266554832458496,False,47.0
2019,Desmond Ridder,Cincinnati,2022,,,9,pass,-0.2564735412597656,False,64.0
2019,Desmond Ridder,Cincinnati,2022,,,8,pass,1.6950291395187378,False,60.0
2019,Desmond Ridder,Cincinnati,2022,,,15,pass,1.732161521911621,True,15.0
2019,Desmond Ridder,Cincinnati,2022,,,12,pass,0.2065138816833496,False,35.0
2019,Desmond Ridder,Cincinnati,2022,,,7,pass,0.47994768619537354,False,75.0
2019,Desmond Ridder,Cincinnati,2022,,,0,pass,-0.9174667596817017,False,68.0
2019,Desmond Ridder,Cincinnati,2022,,,-6,pass,-2.443190813064575,False,68.0
2019,Desmond Ridder,Cincinnati,2022,,,10,pass,1.1379992961883545,False,91.0
2019,Desmond Ridder,Cincinnati,2022,,,0,pass,-0.6198809146881104,False,81.0
2019,Desmond Ridder,Cincinnati,2022,,,0,pass,-1.2118370532989502,False,81.0
2019,Desmond Ridder,Cincinnati,2022,,,75,pass,4.907809257507324,True,75.0
2019,Desmond Ridder,Cincinnati,2022,,,11,pass,-6.389708042144775,False,78.0
2019,Desmond Ridder,Cincinnati,2022,,,7,pass,0.5941799283027649,False,75.0
2019,Desmond Ridder,Cincinnati,2022,,,44,pass,2.6665611267089844,False,68.0
2019,Desmond Ridder,Cincinnati,2022,,,4,pass,0.12464714050292969,False,24.0
2019,Desmond Ridder,Cincinnati,2022,,,16,pass,1.9347472190856934,False,35.0
2019,Desmond Ridder,Cincinnati,2022,,,0,pass,-0.5540716648101807,False,35.0
2019,Desmond Ridder,Cincinnati,2022,,,-8,pass,-1.6249091625213623,False,68.0
2019,Desmond Ridder,Cincinnati,2022,,,4,pass,0.2644742727279663,False,72.0
2019,Desmond Ridder,Cincinnati,2022,,,6,pass,0.32581818103790283,False,90.0
2019,Desmond Ridder,Cincinnati,2022,,,0,pass,-1.7664011716842651,False,57.0
2019,Desmond Ridder,Cincinnati,2022,,,8,pass,0.46292614936828613,False,74.0
2019,Desmond Ridder,Cincinnati,2022,,,-9,pass,-6.028842926025391,False,82.0
2019,Desmond Ridder,Cincinnati,2022,,,28,pass,4.432579040527344,True,28.0
2019,Desmond Ridder,Cincinnati,2022,,,0,pass,-1.0976805686950684,False,28.0
2019,Desmond Ridder,Cincinnati,2022,,,4,pass,0.10240817070007324,False,36.0
2019,Desmond Ridder,Cincinnati,2022,,,3,pass,-0.3866279125213623,False,39.0
2019,Desmond Ridder,Cincinnati,2022,,,0,pass,-1.0187938213348389,False,73.0
2019,Desmond Ridder,Cincinnati,2022,,,3,pass,-0.7110955715179443,False,62.0
2019,Desmond Ridder,Cincinnati,2022,,,21,pass,2.8413872718811035,False,80.0
2019,Desmond Ridder,Cincinnati,2022,,,0,pass,-0.7494962811470032,False,85.0
2019,Desmond Ridder,Cincinnati,2022,,,0,pass,-1.503335952758789,False,65.0
2019,Desmond Ridder,Cincinnati,2022,,,7,pass,0.8188416957855225,False,76.0
2019,Desmond Ridder,Cincinnati,2022,,,49,pass,2.461332082748413,False,69.0
2019,Desmond Ridder,Cincinnati,2022,,,23,pass,1.1992666721343994,False,49.0
2019,Desmond Ridder,Cincinnati,2022,,,0,pass,-1.6972016096115112,False,33.0
2019,Desmond Ridder,Cincinnati,2022,,,6,pass,0.37006711959838867,False,21.0
2019,Desmond Ridder,Cincinnati,2022,,,8,pass,0.45279812812805176,False,35.0
2019,Desmond Ridder,Cincinnati,2022,,,4,pass,0.4633936882019043,False,27.0
2019,Desmond Ridder,Cincinnati,2022,,,3,pass,0.9583892822265625,True,3.0
2019,Desmond Ridder,Cincinnati,2022,,,7,pass,0.46796631813049316,False,43.0
2019,Desmond Ridder,Cincinnati,2022,,,-2,pass,-1.5928301811218262,False,22.0
2019,Desmond Ridder,Cincinnati,2022,,,9,pass,2.2052078247070312,False,24.0
2019,Desmond Ridder,Cincinnati,2022,,,13,pass,0.3334193229675293,False,80.0
2019,Desmond Ridder,Cincinnati,2022,,,11,pass,2.11704683303833,False,50.0
2019,Desmond Ridder,Cincinnati,2022,,,1,pass,-2.0230698585510254,False,71.0
2019,Desmond Ridder,Cincinnati,2022,,,0,pass,-0.5929925441741943,False,74.0
2019,Desmond Ridder,Cincinnati,2022,,,0,pass,-0.6048420071601868,False,75.0
2019,Desmond Ridder,Cincinnati,2022,,,0,pass,-1.410301685333252,False,72.0
2019,Desmond Ridder,Cincinnati,2022,,,9,pass,-0.1646536886692047,False,71.0
2019,Desmond Ridder,Cincinnati,2022,,,12,pass,1.1065720319747925,False,93.0
2019,Desmond Ridder,Cincinnati,2022,,,6,pass,0.559908390045166,False,75.0
2019,Desmond Ridder,Cincinnati,2022,,,0,pass,-0.6380162239074707,False,69.0
2019,Desmond Ridder,Cincinnati,2022,,,0,pass,-0.793468713760376,False,18.0
2019,Desmond Ridder,Cincinnati,2022,,,73,pass,5.257782936096191,False,75.0
2019,Desmond Ridder,Cincinnati,2022,,,0,pass,-0.33617401123046875,False,2.0
2019,Desmond Ridder,Cincinnati,2022,,,0,pass,-2.6777191162109375,False,76.0
2019,Desmond Ridder,Cincinnati,2022,,,20,pass,0.6645784378051758,False,60.0
2019,Desmond Ridder,Cincinnati,2022,,,5,pass,-0.13210439682006836,False,40.0
2019,Desmond Ridder,Cincinnati,2022,,,0,pass,-0.7313437461853027,False,35.0
2019,Desmond Ridder,Cincinnati,2022,,,0,pass,-0.563718318939209,False,18.0
2019,Desmond Ridder,Cincinnati,2022,,,0,pass,-0.8044948577880859,False,18.0
2019,Desmond Ridder,Cincinnati,2022,,,15,pass,4.668895721435547,True,15.0
2019,Desmond Ridder,Cincinnati,2022,,,0,pass,-0.1506054401397705,False,20.0
2019,Desmond Ridder,Cincinnati,2022,,,5,pass,0.310497522354126,False,20.0
2019,Desmond Ridder,Cincinnati,2022,,,23,pass,1.2122018337249756,False,55.0
2019,Desmond Ridder,Cincinnati,2022,,,12,pass,0.6623494625091553,False,32.0
2019,Desmond Ridder,Cincinnati,2022,,,5,pass,-0.015681862831115723,False,70.0
2019,Desmond Ridder,Cincinnati,2022,,,0,pass,-0.49918174743652344,False,62.0
2019,Desmond Ridder,Cincinnati,2022,,,0,pass,-1.7440838813781738,False,55.0
2019,Desmond Ridder,Cincinnati,2022,,,0,pass,-1.5028307437896729,False,28.0
2019,Desmond Ridder,Cincinnati,2022,,,6,pass,1.0615746974945068,False,65.0
2019,Desmond Ridder,Cincinnati,2022,,,5,pass,0.11773133277893066,False,55.0
2019,Desmond Ridder,Cincinnati,2022,,,0,pass,-0.5915036201477051,False,48.0
2019,Desmond Ridder,Cincinnati,2022,,,2,pass,-0.49349546432495117,False,31.0
2019,Desmond Ridder,Cincinnati,2022,,,24,pass,2.7565062046051025,False,64.0
2019,Desmond Ridder,Cincinnati,2022,,,0,pass,-0.8656020164489746,False,35.0
2019,Desmond Ridder,Cincinnati,2022,,,18,pass,1.8244447708129883,True,18.0
2019,Desmond Ridder,Cincinnati,2022,,,11,pass,0.7393009662628174,False,43.0
2019,Desmond Ridder,Cincinnati,2022,,,11,pass,1.2367922067642212,False,81.0
2019,Desmond Ridder,Cincinnati,2022,,,0,pass,-0.2826613783836365,False,70.0
2019,Desmond Ridder,Cincinnati,2022,,,0,pass,-0.4020744264125824,False,70.0
2019,Desmond Ridder,Cincinnati,2022,,,30,pass,1.7708185911178589,False,70.0
2019,Desmond Ridder,Cincinnati,2022,,,0,pass,-0.8756611347198486,False,44.0
2019,Desmond Ridder,Cincinnati,2022,,,0,pass,-1.7228186130523682,False,44.0
2019,Desmond Ridder,Cincinnati,2022,,,9,pass,-0.870536208152771,False,61.0
2019,Desmond Ridder,Cincinnati,2022,,,7,pass,0.1385800838470459,False,49.0
2019,Desmond Ridder,Cincinnati,2022,,,0,pass,-1.146695852279663,False,24.0
2019,Desmond Ridder,Cincinnati,2022,,,6,pass,0.34383392333984375,False,52.0
2019,Desmond Ridder,Cincinnati,2022,,,0,pass,-0.13000863790512085,False,80.0
2019,Desmond Ridder,Cincinnati,2022,,,0,pass,-3.490593671798706,False,80.0
2019,Desmond Ridder,Cincinnati,2022,,,0,pass,-0.4885059595108032,False,64.0
2019,Desmond Ridder,Cincinnati,2022,,,0,pass,-1.5091804265975952,False,64.0
2019,Desmond Ridder,Cincinnati,2022,,,-11,pass,-2.2243213653564453,False,78.0
2019,Desmond Ridder,Cincinnati,2022,,,0,pass,-1.8375804424285889,False,41.0
2019,Desmond Ridder,Cincinnati,2022,,,0,pass,-1.050285816192627,False,41.0
2019,Desmond Ridder,Cincinnati,2022,,,0,pass,-0.8119996190071106,False,65.0
2019,Desmond Ridder,Cincinnati,2022,,,4,pass,-1.0640180110931396,False,65.0
2019,Desmond Ridder,Cincinnati,2022,,,0,pass,-0.8019554615020752,False,98.0
2019,Desmond Ridder,Cincinnati,2022,,,11,pass,1.6110975742340088,False,75.0
2019,Desmond Ridder,Cincinnati,2022,,,-7,pass,-2.2811474800109863,False,60.0
2019,Desmond Ridder,Cincinnati,2022,,,0,pass,-0.48273730278015137,False,23.0
2019,Desmond Ridder,Cincinnati,2022,,,9,pass,1.430405616760254,False,47.0
2019,Desmond Ridder,Cincinnati,2022,,,-7,pass,-2.3515424728393555,False,68.0
2019,Desmond Ridder,Cincinnati,2022,,,0,pass,-1.4317206144332886,False,65.0
2019,Desmond Ridder,Cincinnati,2022,,,-5,pass,-1.9514212608337402,False,75.0
2019,Desmond Ridder,Cincinnati,2022,,,3,pass,-0.4434245824813843,False,65.0
2019,Desmond Ridder,Cincinnati,2022,,,6,pass,0.3630634546279907,False,62.0
2019,Desmond Ridder,Cincinnati,2022,,,-14,pass,-2.612208127975464,False,6.0
2019,Desmond Ridder,Cincinnati,2022,,,0,pass,-0.4139925241470337,False,20.0
2019,Desmond Ridder,Cincinnati,2022,,,10,pass,1.6301534175872803,False,87.0
2019,Desmond Ridder,Cincinnati,2022,,,0,pass,-0.6317723989486694,False,64.0
2019,Desmond Ridder,Cincinnati,2022,,,0,pass,-1.3852171897888184,False,64.0
2019,Desmond Ridder,Cincinnati,2022,,,8,pass,-4.386410713195801,False,57.0
2019,Desmond Ridder,Cincinnati,2022,,,0,pass,-0.7323850393295288,False,70.0
2019,Desmond Ridder,Cincinnati,2022,,,0,pass,-1.7648000717163086,False,64.0
2019,Desmond Ridder,Cincinnati,2022,,,10,pass,0.19421744346618652,False,29.0
2019,Desmond Ridder,Cincinnati,2022,,,0,pass,-0.8567454814910889,False,19.0
2019,Desmond Ridder,Cincinnati,2022,,,0,pass,-0.8162649869918823,False,63.0
2019,Desmond Ridder,Cincinnati,2022,,,0,pass,-1.0453269481658936,False,39.0
2019,Desmond Ridder,Cincinnati,2022,,,7,pass,0.4239797592163086,False,30.0
2019,Desmond Ridder,Cincinnati,2022,,,0,pass,-1.2770345211029053,False,22.0
2019,Desmond Ridder,Cincinnati,2022,,,3,pass,-0.52705979347229,False,74.0
2019,Desmond Ridder,Cincinnati,2022,,,5,pass,-0.32170379161834717,False,71.0
2019,Desmond Ridder,Cincinnati,2022,,,0,pass,-0.6426215767860413,False,70.0
2019,Desmond Ridder,Cincinnati,2022,,,0,pass,-0.9862685203552246,False,75.0
2019,Desmond Ridder,Cincinnati,2022,,,9,pass,0.07786715030670166,False,75.0
2019,Desmond Ridder,Cincinnati,2022,,,0,pass,-1.3580666780471802,False,26.0
2019,Desmond Ridder,Cincinnati,2022,,,0,pass,-0.518826961517334,False,26.0
2019,Desmond Ridder,Cincinnati,2022,,,24,pass,2.500269651412964,False,45.0
2019,Desmond Ridder,Cincinnati,2022,,,30,pass,1.006622314453125,False,75.0
2019,Desmond Ridder,Cincinnati,2022,,,4,pass,0.15526914596557617,False,42.0
2019,Desmond Ridder,Cincinnati,2022,,,28,pass,2.7112326622009277,False,75.0
2019,Desmond Ridder,Cincinnati,2022,,,0,pass,-1.5874234437942505,False,70.0
2019,Desmond Ridder,Cincinnati,2022,,,0,pass,-3.305504083633423,False,72.0
2019,Desmond Ridder,Cincinnati,2022,,,31,pass,1.9153475761413574,False,39.0
2019,Desmond Ridder,Cincinnati,2022,,,4,pass,1.4238855838775635,False,69.0
2019,Desmond Ridder,Cincinnati,2022,,,10,pass,0.8610798120498657,False,79.0
2019,Desmond Ridder,Cincinnati,2022,,,0,pass,-0.571161150932312,False,48.0
2019,Desmond Ridder,Cincinnati,2022,,,2,pass,-0.44634538888931274,False,68.0
2019,Desmond Ridder,Cincinnati,2022,,,0,pass,-0.5785737037658691,False,15.0
2019,Desmond Ridder,Cincinnati,2022,,,32,pass,2.4407026767730713,False,56.0
2019,Desmond Ridder,Cincinnati,2022,,,15,pass,0.7532848715782166,False,80.0
2019,Desmond Ridder,Cincinnati,2022,,,0,pass,-1.5626033544540405,False,37.0
2019,Desmond Ridder,Cincinnati,2022,,,8,pass,0.7663875818252563,False,73.0
2019,Desmond Ridder,Cincinnati,2022,,,0,pass,-1.48262619972229,False,66.0
2019,Desmond Ridder,Cincinnati,2022,,,13,pass,0.1624985933303833,False,77.0
2019,Desmond Ridder,Cincinnati,2022,,,0,pass,-0.949589729309082,False,77.0
2019,Desmond Ridder,Cincinnati,2022,,,0,pass,-0.7333259582519531,False,67.0
2019,Desmond Ridder,Cincinnati,2022,,,0,pass,-0.6110584735870361,False,78.0
2019,Desmond Ridder,Cincinnati,2022,,,-2,pass,-2.0023744106292725,False,48.0
2019,Desmond Ridder,Cincinnati,2022,,,0,pass,-0.9363168478012085,False,48.0
2019,Desmond Ridder,Cincinnati,2022,,,0,pass,-0.6590430736541748,False,48.0
2019,Desmond Ridder,Cincinnati,2022,,,12,pass,2.2792716026306152,False,60.0
2019,Desmond Ridder,Cincinnati,2022,,,2,pass,-0.8344570398330688,False,62.0
2019,Desmond Ridder,Cincinnati,2022,,,8,pass,0.4300764203071594,False,75.0
2019,Desmond Ridder,Cincinnati,2022,,,0,pass,-0.6586210131645203,False,75.0
2019,Desmond Ridder,Cincinnati,2022,,,0,pass,-0.8620791435241699,False,15.0
2019,Desmond Ridder,Cincinnati,2022,,,10,pass,0.5331830978393555,False,30.0
2019,Desmond Ridder,Cincinnati,2022,,,13,pass,1.2301180362701416,False,44.0
2019,Desmond Ridder,Cincinnati,2022,,,6,pass,0.5145742893218994,False,60.0
2019,Desmond Ridder,Cincinnati,2022,,,0,pass,-1.4934465885162354,False,26.0
2019,Desmond Ridder,Cincinnati,2022,,,0,pass,-0.5244016647338867,False,44.0
2019,Desmond Ridder,Cincinnati,2022,,,8,pass,1.350088119506836,True,8.0
2019,Desmond Ridder,Cincinnati,2022,,,16,pass,2.199690103530884,False,30.0
2019,Desmond Ridder,Cincinnati,2022,,,-1,pass,-0.8910555839538574,False,45.0
2019,Desmond Ridder,Cincinnati,2022,,,14,pass,1.7048966884613037,False,69.0
2019,Desmond Ridder,Cincinnati,2022,,,0,pass,-0.8630478382110596,False,69.0
2019,Desmond Ridder,Cincinnati,2022,,,-8,pass,-0.6892377138137817,False,44.0
2019,Desmond Ridder,Cincinnati,2022,,,-2,pass,-0.5903967618942261,False,42.0
2019,Desmond Ridder,Cincinnati,2022,,,-13,pass,0.5903967618942261,False,29.0
2019,Desmond Ridder,Cincinnati,2022,,,9,pass,0.43636345863342285,False,40.0
2019,Desmond Ridder,Cincinnati,2022,,,-9,pass,-1.5339832305908203,False,6.0
2019,Desmond Ridder,Cincinnati,2022,,,0,pass,-1.0005455017089844,False,6.0
2019,Desmond Ridder,Cincinnati,2022,,,0,pass,-0.8818304538726807,False,30.0
2019,Desmond Ridder,Cincinnati,2022,,,8,pass,0.7275478839874268,False,36.0
2019,Desmond Ridder,Cincinnati,2022,,,5,pass,1.0405521392822266,False,46.0
2019,Desmond Ridder,Cincinnati,2022,,,0,pass,-0.823491096496582,False,46.0
2019,Desmond Ridder,Cincinnati,2022,,,4,pass,-0.20194077491760254,False,59.0
2019,Desmond Ridder,Cincinnati,2022,,,17,pass,2.748486042022705,False,61.0
2019,Desmond Ridder,Cincinnati,2022,,,0,pass,-0.9001508951187134,False,61.0
2019,Desmond Ridder,Cincinnati,2022,,,0,pass,-0.664406418800354,False,61.0
2019,Desmond Ridder,Cincinnati,2022,,,0,pass,-1.7269328832626343,False,53.0
2019,Desmond Ridder,Cincinnati,2022,,,0,pass,-1.3670631647109985,False,56.0
2019,Desmond Ridder,Cincinnati,2022,,,-2,pass,-1.4990770816802979,False,54.0
2020,Desmond Ridder,Cincinnati,2022,,,10,pass,-0.5870002508163452,False,55.0
2020,Desmond Ridder,Cincinnati,2022,,,3,pass,1.0612902641296387,False,71.0
2020,Desmond Ridder,Cincinnati,2022,,,3,pass,-0.36617565155029297,False,68.0
2020,Desmond Ridder,Cincinnati,2022,,,3,pass,-3.879868745803833,False,61.0
2020,Desmond Ridder,Cincinnati,2022,,,3,pass,1.5014328956604004,True,3.0
2020,Desmond Ridder,Cincinnati,2022,,,6,pass,0.5063257217407227,False,51.0
2020,Desmond Ridder,Cincinnati,2022,,,35,pass,1.4939186573028564,False,45.0
2020,Desmond Ridder,Cincinnati,2022,,,0,pass,-1.4360365867614746,False,20.0
2020,Desmond Ridder,Cincinnati,2022,,,10,pass,0.4194667339324951,False,61.0
2020,Desmond Ridder,Cincinnati,2022,,,0,pass,-0.5411748886108398,False,51.0
2020,Desmond Ridder,Cincinnati,2022,,,13,pass,3.130305767059326,True,13.0
2020,Desmond Ridder,Cincinnati,2022,,,13,pass,0.7907116413116455,False,55.0
2020,Desmond Ridder,Cincinnati,2022,,,7,pass,2.8272972106933594,False,36.0
2020,Desmond Ridder,Cincinnati,2022,,,0,pass,-5.402528762817383,False,13.0
2020,Desmond Ridder,Cincinnati,2022,,,3,pass,-0.2571427822113037,False,68.0
2020,Desmond Ridder,Cincinnati,2022,,,0,pass,-1.5198843479156494,False,63.0
2020,Desmond Ridder,Cincinnati,2022,,,0,pass,-0.6776208877563477,False,72.0
2020,Desmond Ridder,Cincinnati,2022,,,-7,pass,-1.513733148574829,False,73.0
2020,Desmond Ridder,Cincinnati,2022,,,8,pass,0.6896843910217285,False,64.0
2020,Desmond Ridder,Cincinnati,2022,,,0,pass,-0.9495110511779785,False,56.0
2020,Desmond Ridder,Cincinnati,2022,,,4,pass,-0.03475451469421387,False,44.0
2020,Desmond Ridder,Cincinnati,2022,,,9,pass,0.5671734809875488,False,33.0
2020,Desmond Ridder,Cincinnati,2022,,,11,pass,0.903348445892334,False,51.0
2020,Desmond Ridder,Cincinnati,2022,,,5,pass,1.486905574798584,False,41.0
2020,Desmond Ridder,Cincinnati,2022,,,2,pass,-5.768475532531738,False,36.0
2020,Desmond Ridder,Cincinnati,2022,,,0,pass,-0.9491521120071411,False,89.0
2020,Desmond Ridder,Cincinnati,2022,,,10,pass,0.5082290172576904,False,78.0
2020,Desmond Ridder,Cincinnati,2022,,,12,pass,0.6281323432922363,False,39.0
2020,Desmond Ridder,Cincinnati,2022,,,6,pass,0.7630481719970703,False,15.0
2020,Desmond Ridder,Cincinnati,2022,,,7,pass,0.4150371551513672,False,22.0
2020,Desmond Ridder,Cincinnati,2022,,,19,pass,1.0292764902114868,False,70.0
2020,Desmond Ridder,Cincinnati,2022,,,0,pass,-1.762359857559204,False,74.0
2020,Desmond Ridder,Cincinnati,2022,,,0,pass,-1.036455750465393,False,72.0
2020,Desmond Ridder,Cincinnati,2022,,,6,pass,-0.32709789276123047,False,65.0
2020,Desmond Ridder,Cincinnati,2022,,,0,pass,-0.6890130043029785,False,52.0
2020,Desmond Ridder,Cincinnati,2022,,,16,pass,2.689885377883911,False,77.0
2020,Desmond Ridder,Cincinnati,2022,,,0,pass,-0.6982760429382324,False,74.0
2020,Desmond Ridder,Cincinnati,2022,,,2,pass,-0.48820924758911133,False,50.0
2020,Desmond Ridder,Cincinnati,2022,,,7,pass,2.70741605758667,True,7.0
2020,Desmond Ridder,Cincinnati,2022,,,5,pass,-0.12813973426818848,False,23.0
2020,Desmond Ridder,Cincinnati,2022,,,0,pass,-0.6123976707458496,False,23.0
2020,Desmond Ridder,Cincinnati,2022,,,8,pass,0.1319289207458496,False,31.0
2020,Desmond Ridder,Cincinnati,2022,,,9,pass,0.7237133979797363,False,40.0
2020,Desmond Ridder,Cincinnati,2022,,,19,pass,1.2770435810089111,False,59.0
2020,Desmond Ridder,Cincinnati,2022,,,0,pass,-0.9204962253570557,False,70.0
2020,Desmond Ridder,Cincinnati,2022,,,18,pass,0.8476369380950928,False,46.0
2020,Desmond Ridder,Cincinnati,2022,,,7,pass,1.31304931640625,True,7.0
2020,Desmond Ridder,Cincinnati,2022,,,7,pass,0.5787796974182129,False,24.0
2020,Desmond Ridder,Cincinnati,2022,,,0,pass,-0.5219388008117676,False,35.0
2020,Desmond Ridder,Cincinnati,2022,,,20,pass,1.5897243022918701,False,55.0
2020,Desmond Ridder,Cincinnati,2022,,,14,pass,0.668730616569519,False,71.0
2020,Desmond Ridder,Cincinnati,2022,,,0,pass,-0.5459542274475098,False,16.0
2020,Desmond Ridder,Cincinnati,2022,,,0,pass,-1.033346176147461,False,47.0
2020,Desmond Ridder,Cincinnati,2022,,,11,pass,0.8729538917541504,False,57.0
2020,Desmond Ridder,Cincinnati,2022,,,17,pass,2.808323383331299,False,74.0
2020,Desmond Ridder,Cincinnati,2022,,,0,pass,-0.7608692646026611,False,21.0
2020,Desmond Ridder,Cincinnati,2022,,,9,pass,0.8820710182189941,False,55.0
2020,Desmond Ridder,Cincinnati,2022,,,20,pass,1.6255186796188354,False,87.0
2020,Desmond Ridder,Cincinnati,2022,,,12,pass,1.7895700931549072,False,15.0
2020,Desmond Ridder,Cincinnati,2022,,,0,pass,-0.36132121086120605,False,35.0
2020,Desmond Ridder,Cincinnati,2022,,,35,pass,1.2781411409378052,False,70.0
2020,Desmond Ridder,Cincinnati,2022,,,-3,pass,-1.4499173164367676,False,6.0
2020,Desmond Ridder,Cincinnati,2022,,,34,pass,2.9088802337646484,False,56.0
2020,Desmond Ridder,Cincinnati,2022,,,22,pass,1.4498183727264404,False,77.0
2020,Desmond Ridder,Cincinnati,2022,,,29,pass,3.607118606567383,True,29.0
2020,Desmond Ridder,Cincinnati,2022,,,0,pass,-0.9521543979644775,False,29.0
2020,Desmond Ridder,Cincinnati,2022,,,11,pass,0.6575393676757812,False,40.0
2020,Desmond Ridder,Cincinnati,2022,,,3,pass,-0.4648464620113373,False,73.0
2020,Desmond Ridder,Cincinnati,2022,,,0,pass,-0.9391391277313232,False,41.0
2020,Desmond Ridder,Cincinnati,2022,,,4,pass,0.01155543327331543,False,45.0
2020,Desmond Ridder,Cincinnati,2022,,,0,pass,-1.2189857959747314,False,65.0
2020,Desmond Ridder,Cincinnati,2022,,,-9,pass,-1.1674292087554932,False,81.0
2020,Desmond Ridder,Cincinnati,2022,,,0,pass,-2.0933539867401123,False,30.0
2020,Desmond Ridder,Cincinnati,2022,,,14,pass,1.176342487335205,False,47.0
2020,Desmond Ridder,Cincinnati,2022,,,18,pass,1.2899227142333984,False,65.0
2020,Desmond Ridder,Cincinnati,2022,,,23,pass,2.6874849796295166,False,25.0
2020,Desmond Ridder,Cincinnati,2022,,,0,pass,-0.5174221992492676,False,15.0
2020,Desmond Ridder,Cincinnati,2022,,,32,pass,3.946126699447632,True,32.0
2020,Desmond Ridder,Cincinnati,2022,,,15,pass,2.369089126586914,False,55.0
2020,Desmond Ridder,Cincinnati,2022,,,0,pass,-0.9196929931640625,False,67.0
2020,Desmond Ridder,Cincinnati,2022,,,0,pass,-1.1880522966384888,False,67.0
2020,Desmond Ridder,Cincinnati,2022,,,6,pass,-0.5480819940567017,False,71.0
2020,Desmond Ridder,Cincinnati,2022,,,30,pass,1.6789722442626953,False,65.0
2020,Desmond Ridder,Cincinnati,2022,,,0,pass,-0.7235233783721924,False,29.0
2020,Desmond Ridder,Cincinnati,2022,,,4,pass,1.0757176876068115,False,29.0
2020,Desmond Ridder,Cincinnati,2022,,,0,pass,-0.752556562423706,False,24.0
2020,Desmond Ridder,Cincinnati,2022,,,7,pass,0.2691969871520996,False,16.0
2020,Desmond Ridder,Cincinnati,2022,,,-4,pass,-1.251826286315918,False,6.0
2020,Desmond Ridder,Cincinnati,2022,,,6,pass,0.1980055570602417,False,81.0
2020,Desmond Ridder,Cincinnati,2022,,,10,pass,0.5033168792724609,False,66.0
2020,Desmond Ridder,Cincinnati,2022,,,26,pass,1.4647858142852783,False,56.0
2020,Desmond Ridder,Cincinnati,2022,,,29,pass,2.4375252723693848,True,29.0
2020,Desmond Ridder,Cincinnati,2022,,,8,pass,0.7624950408935547,False,74.0
2020,Desmond Ridder,Cincinnati,2022,,,0,pass,-0.6720064878463745,False,64.0
2020,Desmond Ridder,Cincinnati,2022,,,-2,pass,-1.9534037113189697,False,43.0
2020,Desmond Ridder,Cincinnati,2022,,,0,pass,-2.2084951400756836,False,66.0
2020,Desmond Ridder,Cincinnati,2022,,,21,pass,2.6087145805358887,True,21.0
2020,Desmond Ridder,Cincinnati,2022,,,11,pass,0.5438165664672852,False,30.0
2020,Desmond Ridder,Cincinnati,2022,,,45,pass,2.239804983139038,False,56.0
2020,Desmond Ridder,Cincinnati,2022,,,13,pass,1.2619723081588745,False,69.0
2020,Desmond Ridder,Cincinnati,2022,,,11,pass,1.4279286861419678,False,83.0
2020,Desmond Ridder,Cincinnati,2022,,,6,pass,1.9479351043701172,True,6.0
2020,Desmond Ridder,Cincinnati,2022,,,15,pass,0.6501538753509521,False,38.0
2020,Desmond Ridder,Cincinnati,2022,,,3,pass,-0.36417508125305176,False,55.0
2020,Desmond Ridder,Cincinnati,2022,,,0,pass,-0.9234198331832886,False,58.0
2020,Desmond Ridder,Cincinnati,2022,,,3,pass,-0.2913219928741455,False,61.0
2020,Desmond Ridder,Cincinnati,2022,,,7,pass,2.7168517112731934,False,29.0
2020,Desmond Ridder,Cincinnati,2022,,,5,pass,-0.521468997001648,False,34.0
2020,Desmond Ridder,Cincinnati,2022,,,25,pass,2.008674144744873,False,60.0
2020,Desmond Ridder,Cincinnati,2022,,,2,pass,-0.2431870698928833,False,66.0
2020,Desmond Ridder,Cincinnati,2022,,,1,pass,-1.7165372371673584,False,44.0
2020,Desmond Ridder,Cincinnati,2022,,,0,pass,-0.5962162017822266,False,45.0
2020,Desmond Ridder,Cincinnati,2022,,,18,pass,0.9294493198394775,False,63.0
2020,Desmond Ridder,Cincinnati,2022,,,10,pass,0.45194458961486816,False,73.0
2020,Desmond Ridder,Cincinnati,2022,,,43,pass,3.1059494018554688,True,43.0
2020,Desmond Ridder,Cincinnati,2022,,,10,pass,-0.04401707649230957,False,53.0
2020,Desmond Ridder,Cincinnati,2022,,,11,pass,1.2385594844818115,False,64.0
2020,Desmond Ridder,Cincinnati,2022,,,0,pass,-0.6843123435974121,False,64.0
2020,Desmond Ridder,Cincinnati,2022,,,5,pass,0.5712864398956299,False,69.0
2020,Desmond Ridder,Cincinnati,2022,,,6,pass,0.4999656677246094,False,75.0
2020,Desmond Ridder,Cincinnati,2022,,,-7,pass,-1.6956841945648193,False,72.0
2020,Desmond Ridder,Cincinnati,2022,,,0,pass,-0.5395622253417969,False,75.0
2020,Desmond Ridder,Cincinnati,2022,,,0,pass,-0.5235104560852051,False,30.0
2020,Desmond Ridder,Cincinnati,2022,,,0,pass,-0.548182487487793,False,34.0
2020,Desmond Ridder,Cincinnati,2022,,,7,pass,0.3073279857635498,False,75.0
2020,Desmond Ridder,Cincinnati,2022,,,9,pass,0.3301510810852051,False,85.0
2020,Desmond Ridder,Cincinnati,2022,,,0,pass,-0.8919425010681152,False,18.0
2020,Desmond Ridder,Cincinnati,2022,,,9,pass,1.8287227153778076,False,41.0
2020,Desmond Ridder,Cincinnati,2022,,,3,pass,-0.7358434200286865,False,44.0
2020,Desmond Ridder,Cincinnati,2022,,,0,pass,-0.5624861717224121,False,44.0
2020,Desmond Ridder,Cincinnati,2022,,,12,pass,1.5877563953399658,False,56.0
2020,Desmond Ridder,Cincinnati,2022,,,0,pass,-0.6102136373519897,False,39.0
2020,Desmond Ridder,Cincinnati,2022,,,4,pass,2.2894716262817383,True,4.0
2020,Desmond Ridder,Cincinnati,2022,,,9,pass,0.4891045093536377,False,57.0
2020,Desmond Ridder,Cincinnati,2022,,,14,pass,0.6998945474624634,False,75.0
2020,Desmond Ridder,Cincinnati,2022,,,12,pass,2.843045473098755,False,25.0
2020,Desmond Ridder,Cincinnati,2022,,,0,pass,-1.6110985279083252,False,25.0
2020,Desmond Ridder,Cincinnati,2022,,,11,pass,0.8288779258728027,False,36.0
2020,Desmond Ridder,Cincinnati,2022,,,16,pass,1.391911268234253,False,48.0
2020,Desmond Ridder,Cincinnati,2022,,,0,pass,-0.5441975593566895,False,48.0
2020,Desmond Ridder,Cincinnati,2022,,,16,pass,0.753103494644165,False,64.0
2020,Desmond Ridder,Cincinnati,2022,,,0,pass,-1.8054604530334473,False,48.0
2020,Desmond Ridder,Cincinnati,2022,,,0,pass,-0.6026287078857422,False,48.0
2020,Desmond Ridder,Cincinnati,2022,,,15,pass,0.7432854175567627,False,63.0
2020,Desmond Ridder,Cincinnati,2022,,,8,pass,0.424807071685791,False,85.0
2020,Desmond Ridder,Cincinnati,2022,,,15,pass,0.4390357434749603,False,76.0
2020,Desmond Ridder,Cincinnati,2022,,,0,pass,-1.060166835784912,False,76.0
2020,Desmond Ridder,Cincinnati,2022,,,-2,pass,-0.9061003923416138,False,74.0
2020,Desmond Ridder,Cincinnati,2022,,,4,pass,-0.019300878047943115,False,79.0
2020,Desmond Ridder,Cincinnati,2022,,,12,pass,1.3152203559875488,True,12.0
2020,Desmond Ridder,Cincinnati,2022,,,14,pass,0.6467504501342773,False,26.0
2020,Desmond Ridder,Cincinnati,2022,,,10,pass,0.32682132720947266,False,36.0
2020,Desmond Ridder,Cincinnati,2022,,,8,pass,0.37498998641967773,False,44.0
2020,Desmond Ridder,Cincinnati,2022,,,7,pass,1.5347003936767578,False,51.0
2020,Desmond Ridder,Cincinnati,2022,,,0,pass,-0.6419119834899902,False,58.0
2020,Desmond Ridder,Cincinnati,2022,,,4,pass,-0.31732797622680664,False,85.0
2020,Desmond Ridder,Cincinnati,2022,,,0,pass,-2.0425448417663574,False,20.0
2020,Desmond Ridder,Cincinnati,2022,,,7,pass,-0.8762555122375488,False,27.0
2020,Desmond Ridder,Cincinnati,2022,,,0,pass,-0.791332483291626,False,27.0
2020,Desmond Ridder,Cincinnati,2022,,,0,pass,-0.4659543037414551,False,27.0
2020,Desmond Ridder,Cincinnati,2022,,,13,pass,0.15506505966186523,False,40.0
2020,Desmond Ridder,Cincinnati,2022,,,-4,pass,-1.4600379467010498,False,43.0
2020,Desmond Ridder,Cincinnati,2022,,,9,pass,0.5688085556030273,False,52.0
2020,Desmond Ridder,Cincinnati,2022,,,16,pass,0.564028263092041,False,68.0
2020,Desmond Ridder,Cincinnati,2022,,,8,pass,0.6727128028869629,False,22.0
2020,Desmond Ridder,Cincinnati,2022,,,15,pass,0.825148344039917,False,37.0
2020,Desmond Ridder,Cincinnati,2022,,,12,pass,0.6041498184204102,False,49.0
2020,Desmond Ridder,Cincinnati,2022,,,45,pass,3.941544771194458,True,45.0
2020,Desmond Ridder,Cincinnati,2022,,,11,pass,0.3548393249511719,False,35.0
2020,Desmond Ridder,Cincinnati,2022,,,20,pass,0.988694429397583,False,55.0
2020,Desmond Ridder,Cincinnati,2022,,,0,pass,-0.9705629348754883,False,71.0
2020,Desmond Ridder,Cincinnati,2022,,,0,pass,-0.8650681972503662,False,32.0
2020,Desmond Ridder,Cincinnati,2022,,,5,pass,0.029129505157470703,False,32.0
2020,Desmond Ridder,Cincinnati,2022,,,36,pass,2.892272472381592,False,88.0
2020,Desmond Ridder,Cincinnati,2022,,,4,pass,-0.30116748809814453,False,85.0
2020,Desmond Ridder,Cincinnati,2022,,,33,pass,2.505417823791504,True,33.0
2020,Desmond Ridder,Cincinnati,2022,,,10,pass,0.10167813301086426,False,43.0
2020,Desmond Ridder,Cincinnati,2022,,,7,pass,1.893707036972046,False,50.0
2020,Desmond Ridder,Cincinnati,2022,,,0,pass,-0.6423730850219727,False,54.0
2020,Desmond Ridder,Cincinnati,2022,,,13,pass,1.937680721282959,False,67.0
2020,Desmond Ridder,Cincinnati,2022,,,8,pass,0.7894328832626343,False,79.0
2020,Desmond Ridder,Cincinnati,2022,,,60,pass,4.184388637542725,True,60.0
2020,Desmond Ridder,Cincinnati,2022,,,0,pass,-1.1171311140060425,False,73.0
2020,Desmond Ridder,Cincinnati,2022,,,-11,pass,-2.3313896656036377,False,62.0
2020,Desmond Ridder,Cincinnati,2022,,,0,pass,-0.9058973789215088,False,49.0
2020,Desmond Ridder,Cincinnati,2022,,,5,pass,-0.0016300678253173828,False,75.0
2020,Desmond Ridder,Cincinnati,2022,,,5,pass,-0.7140116691589355,False,43.0
2020,Desmond Ridder,Cincinnati,2022,,,9,pass,0.92226243019104,False,42.0
2020,Desmond Ridder,Cincinnati,2022,,,2,pass,-0.3226151466369629,False,24.0
2020,Desmond Ridder,Cincinnati,2022,,,16,pass,0.7378125190734863,False,40.0
2020,Desmond Ridder,Cincinnati,2022,,,0,pass,-0.2532588243484497,False,62.0
2020,Desmond Ridder,Cincinnati,2022,,,0,pass,-0.08555862307548523,False,62.0
2020,Desmond Ridder,Cincinnati,2022,,,12,pass,3.0472822189331055,True,12.0
2020,Desmond Ridder,Cincinnati,2022,,,45,pass,4.567651748657227,False,55.0
2020,Desmond Ridder,Cincinnati,2022,,,0,pass,-0.8166682720184326,False,55.0
2020,Desmond Ridder,Cincinnati,2022,,,9,pass,1.6251857280731201,False,61.0
2020,Desmond Ridder,Cincinnati,2022,,,0,pass,-0.8799790740013123,False,61.0
2020,Desmond Ridder,Cincinnati,2022,,,7,pass,2.020148992538452,False,72.0
2020,Desmond Ridder,Cincinnati,2022,,,8,pass,1.373628854751587,False,85.0
2020,Desmond Ridder,Cincinnati,2022,,,0,pass,-0.8552078604698181,False,85.0
2020,Desmond Ridder,Cincinnati,2022,,,6,pass,0.2005121409893036,False,91.0
2020,Desmond Ridder,Cincinnati,2022,,,5,pass,-0.48764514923095703,False,74.0
2020,Desmond Ridder,Cincinnati,2022,,,0,pass,-1.0289161205291748,False,74.0
2020,Desmond Ridder,Cincinnati,2022,,,0,pass,-2.436466932296753,False,79.0
2020,Desmond Ridder,Cincinnati,2022,,,0,pass,-0.6337835788726807,False,80.0
2020,Desmond Ridder,Cincinnati,2022,,,0,pass,-1.2137563228607178,False,17.0
2020,Desmond Ridder,Cincinnati,2022,,,7,pass,0.45560407638549805,False,20.0
2020,Desmond Ridder,Cincinnati,2022,,,27,pass,2.195005416870117,False,47.0
2020,Desmond Ridder,Cincinnati,2022,,,14,pass,2.348923683166504,False,61.0
2020,Desmond Ridder,Cincinnati,2022,,,4,pass,-0.42556971311569214,False,65.0
2020,Desmond Ridder,Cincinnati,2022,,,17,pass,3.10555362701416,False,71.0
2020,Desmond Ridder,Cincinnati,2022,,,0,pass,-0.8241072297096252,False,71.0
2020,Desmond Ridder,Cincinnati,2022,,,0,pass,-1.9451088905334473,True,98.0
2020,Desmond Ridder,Cincinnati,2022,,,9,pass,0.32384154200553894,False,69.0
2020,Desmond Ridder,Cincinnati,2022,,,5,pass,0.05217927694320679,False,80.0
2020,Desmond Ridder,Cincinnati,2022,,,-12,pass,-1.6136091947555542,False,72.0
2020,Desmond Ridder,Cincinnati,2022,,,11,pass,0.46216022968292236,False,78.0
2020,Desmond Ridder,Cincinnati,2022,,,-3,pass,-0.9744948148727417,False,75.0
2020,Desmond Ridder,Cincinnati,2022,,,0,pass,-0.9868981838226318,False,67.0
2020,Desmond Ridder,Cincinnati,2022,,,2,pass,-1.0213265419006348,False,69.0
2020,Desmond Ridder,Cincinnati,2022,,,-2,pass,-0.7622539401054382,False,67.0
2020,Desmond Ridder,Cincinnati,2022,,,0,pass,-0.5939880013465881,False,75.0
2020,Desmond Ridder,Cincinnati,2022,,,-8,pass,-4.7141947746276855,False,67.0
2020,Desmond Ridder,Cincinnati,2022,,,0,pass,-0.6818927526473999,False,70.0
2020,Desmond Ridder,Cincinnati,2022,,,8,pass,0.6099647283554077,False,87.0
2020,Desmond Ridder,Cincinnati,2022,,,4,pass,-0.283990740776062,False,71.0
2020,Desmond Ridder,Cincinnati,2022,,,4,pass,-0.07627105712890625,False,75.0
2020,Desmond Ridder,Cincinnati,2022,,,-9,pass,-1.777406930923462,False,83.0
2020,Desmond Ridder,Cincinnati,2022,,,0,pass,-1.0064677000045776,False,83.0
2020,Desmond Ridder,Cincinnati,2022,,,-6,pass,-1.294000506401062,False,77.0
2020,Desmond Ridder,Cincinnati,2022,,,-4,pass,-1.6908681392669678,False,75.0
2020,Desmond Ridder,Cincinnati,2022,,,11,pass,3.5987493991851807,True,11.0
2020,Desmond Ridder,Cincinnati,2022,,,8,pass,0.49863719940185547,False,19.0
2020,Desmond Ridder,Cincinnati,2022,,,-4,pass,-1.1597721576690674,False,15.0
2020,Desmond Ridder,Cincinnati,2022,,,0,pass,-0.5450131893157959,False,15.0
2020,Desmond Ridder,Cincinnati,2022,,,19,pass,1.7534265518188477,False,34.0
2020,Desmond Ridder,Cincinnati,2022,,,25,pass,1.2535560131072998,False,70.0
2020,Desmond Ridder,Cincinnati,2022,,,14,pass,0.7780166268348694,False,80.0
2020,Desmond Ridder,Cincinnati,2022,,,0,pass,-1.072763442993164,False,15.0
2020,Desmond Ridder,Cincinnati,2022,,,8,pass,0.4403247833251953,False,23.0
2020,Desmond Ridder,Cincinnati,2022,,,0,pass,-0.5608210563659668,False,23.0
2020,Desmond Ridder,Cincinnati,2022,,,5,pass,0.24929237365722656,False,23.0
2020,Desmond Ridder,Cincinnati,2022,,,7,pass,0.3110332489013672,False,30.0
2020,Desmond Ridder,Cincinnati,2022,,,12,pass,0.6226725578308105,False,70.0
2020,Desmond Ridder,Cincinnati,2022,,,0,pass,-0.9740562438964844,False,79.0
2020,Desmond Ridder,Cincinnati,2022,,,-7,pass,-1.8974299430847168,False,72.0
2020,Desmond Ridder,Cincinnati,2022,,,3,pass,-0.48840028047561646,False,75.0
2020,Desmond Ridder,Cincinnati,2022,,,0,pass,-1.1041735410690308,False,97.0
2020,Desmond Ridder,Cincinnati,2022,,,0,pass,-0.9988358020782471,False,97.0
2020,Desmond Ridder,Cincinnati,2022,,,14,pass,1.8393096923828125,True,14.0
2020,Desmond Ridder,Cincinnati,2022,,,11,pass,2.0701637268066406,False,30.0
2020,Desmond Ridder,Cincinnati,2022,,,14,pass,2.0565218925476074,False,45.0
2020,Desmond Ridder,Cincinnati,2022,,,-3,pass,-1.3436987400054932,False,42.0
2020,Desmond Ridder,Cincinnati,2022,,,8,pass,0.4019816517829895,False,70.0
2020,Desmond Ridder,Cincinnati,2022,,,0,pass,-0.8295697569847107,False,70.0
2020,Desmond Ridder,Cincinnati,2022,,,0,pass,-0.4277970790863037,False,28.0
2020,Desmond Ridder,Cincinnati,2022,,,7,pass,0.25644755363464355,False,39.0
2020,Desmond Ridder,Cincinnati,2022,,,8,pass,0.4857957363128662,False,47.0
2020,Desmond Ridder,Cincinnati,2022,,,20,pass,2.420987367630005,False,67.0
2020,Desmond Ridder,Cincinnati,2022,,,0,pass,-0.6918433308601379,False,67.0
2020,Desmond Ridder,Cincinnati,2022,,,6,pass,0.33586668968200684,False,68.0
2020,Desmond Ridder,Cincinnati,2022,,,1,pass,-0.732896089553833,False,20.0
2020,Desmond Ridder,Cincinnati,2022,,,14,pass,1.2158217430114746,False,26.0
2020,Desmond Ridder,Cincinnati,2022,,,5,pass,-0.6091344356536865,False,10.0
2020,Desmond Ridder,Cincinnati,2022,,,8,pass,0.6534543037414551,False,21.0
2020,Desmond Ridder,Cincinnati,2022,,,0,pass,-0.9287681579589844,False,37.0
2020,Desmond Ridder,Cincinnati,2022,,,27,pass,2.765395164489746,False,52.0
2020,Desmond Ridder,Cincinnati,2022,,,15,pass,1.4085571765899658,False,65.0
2020,Desmond Ridder,Cincinnati,2022,,,0,pass,-0.6009058952331543,False,65.0
2020,Desmond Ridder,Cincinnati,2022,,,0,pass,-0.8458950519561768,False,84.0
2020,Desmond Ridder,Cincinnati,2022,,,0,pass,-0.7127002477645874,False,84.0
2020,Desmond Ridder,Cincinnati,2022,,,9,pass,-4.414344787597656,False,69.0
2020,Desmond Ridder,Cincinnati,2022,,,36,pass,3.900296449661255,True,36.0
2020,Desmond Ridder,Cincinnati,2022,,,14,pass,1.818361759185791,False,57.0
2020,Desmond Ridder,Cincinnati,2022,,,-9,pass,-2.8503963947296143,False,48.0
2020,Desmond Ridder,Cincinnati,2022,,,-6,pass,-5.145052909851074,False,66.0
2020,Desmond Ridder,Cincinnati,2022,,,0,pass,-0.8546425104141235,False,66.0
2020,Desmond Ridder,Cincinnati,2022,,,0,pass,-1.2422633171081543,False,8.0
2020,Desmond Ridder,Cincinnati,2022,,,0,pass,-0.8678874969482422,False,8.0
2020,Desmond Ridder,Cincinnati,2022,,,45,pass,3.278475761413574,False,48.0
2020,Desmond Ridder,Cincinnati,2022,,,9,pass,1.4422788619995117,False,58.0
2020,Desmond Ridder,Cincinnati,2022,,,6,pass,-0.41718292236328125,False,48.0
2020,Desmond Ridder,Cincinnati,2022,,,31,pass,3.260807514190674,False,79.0
2020,Desmond Ridder,Cincinnati,2022,,,8,pass,-0.1186804473400116,False,64.0
2020,Desmond Ridder,Cincinnati,2022,,,0,pass,-0.6448051929473877,False,65.0
2021,Desmond Ridder,Cincinnati,2022,,,36,pass,2.6786930561065674,False,53.0
2021,Desmond Ridder,Cincinnati,2022,,,6,pass,0.05293762683868408,False,59.0
2021,Desmond Ridder,Cincinnati,2022,,,5,pass,0.005655765533447266,False,75.0
2021,Desmond Ridder,Cincinnati,2022,,,5,pass,0.06891393661499023,False,24.0
2021,Desmond Ridder,Cincinnati,2022,,,44,pass,2.4830620288848877,False,69.0
2021,Desmond Ridder,Cincinnati,2022,,,0,pass,-1.1150161027908325,False,76.0
2021,Desmond Ridder,Cincinnati,2022,,,28,pass,-7.530428886413574,False,24.0
2021,Desmond Ridder,Cincinnati,2022,,,19,pass,1.3541080951690674,False,43.0
2021,Desmond Ridder,Cincinnati,2022,,,7,pass,0.34815430641174316,False,70.0
2021,Desmond Ridder,Cincinnati,2022,,,0,pass,-1.4234042167663574,False,12.0
2021,Desmond Ridder,Cincinnati,2022,,,45,pass,2.089987277984619,False,62.0
2021,Desmond Ridder,Cincinnati,2022,,,7,pass,0.5870733261108398,False,75.0
2021,Desmond Ridder,Cincinnati,2022,,,27,pass,4.216350555419922,True,27.0
2021,Desmond Ridder,Cincinnati,2022,,,22,pass,1.5899125337600708,False,49.0
2021,Desmond Ridder,Cincinnati,2022,,,0,pass,-0.21684908866882324,False,49.0
2021,Desmond Ridder,Cincinnati,2022,,,27,pass,0.7938328385353088,False,76.0
2021,Desmond Ridder,Cincinnati,2022,,,0,pass,-1.4403748512268066,False,86.0
2021,Desmond Ridder,Cincinnati,2022,,,7,pass,0.29242706298828125,False,93.0
2021,Desmond Ridder,Cincinnati,2022,,,0,pass,-1.4554188251495361,False,5.0
2021,Desmond Ridder,Cincinnati,2022,,,1,pass,0.981959342956543,True,1.0
2021,Desmond Ridder,Cincinnati,2022,,,0,pass,-0.8930572271347046,False,61.0
2021,Desmond Ridder,Cincinnati,2022,,,1,pass,-0.8508648872375488,False,45.0
2021,Desmond Ridder,Cincinnati,2022,,,0,pass,-0.6626293659210205,False,45.0
2021,Desmond Ridder,Cincinnati,2022,,,17,pass,2.6722216606140137,False,62.0
2021,Desmond Ridder,Cincinnati,2022,,,6,pass,0.08738672733306885,False,67.0
2021,Desmond Ridder,Cincinnati,2022,,,0,pass,-1.2495789527893066,False,80.0
2021,Desmond Ridder,Cincinnati,2022,,,0,pass,-0.9980270266532898,False,80.0
2021,Desmond Ridder,Cincinnati,2022,,,0,pass,-0.6746749877929688,False,80.0
2021,Desmond Ridder,Cincinnati,2022,,,6,pass,-0.09876203536987305,False,86.0
2021,Desmond Ridder,Cincinnati,2022,,,9,pass,0.9453251957893372,False,95.0
2021,Desmond Ridder,Cincinnati,2022,,,19,pass,2.2060904502868652,True,19.0
2021,Desmond Ridder,Cincinnati,2022,,,8,pass,0.5282149314880371,False,27.0
2021,Desmond Ridder,Cincinnati,2022,,,0,pass,-0.5725424289703369,False,38.0
2021,Desmond Ridder,Cincinnati,2022,,,0,pass,-0.6862757205963135,False,53.0
2021,Desmond Ridder,Cincinnati,2022,,,11,pass,1.1969884634017944,False,64.0
2021,Desmond Ridder,Cincinnati,2022,,,6,pass,0.26314806938171387,False,22.0
2021,Desmond Ridder,Cincinnati,2022,,,0,pass,-0.5636675357818604,False,22.0
2021,Desmond Ridder,Cincinnati,2022,,,21,pass,1.3746495246887207,False,43.0
2021,Desmond Ridder,Cincinnati,2022,,,8,pass,1.4691541194915771,False,77.0
2021,Desmond Ridder,Cincinnati,2022,,,8,pass,0.3267683982849121,False,38.0
2021,Desmond Ridder,Cincinnati,2022,,,-14,pass,-0.3267683982849121,False,24.0
2021,Desmond Ridder,Cincinnati,2022,,,0,pass,-0.4792308807373047,False,14.0
2021,Desmond Ridder,Cincinnati,2022,,,4,pass,0.0590817928314209,False,18.0
2021,Desmond Ridder,Cincinnati,2022,,,28,pass,2.3706021308898926,False,46.0
2021,Desmond Ridder,Cincinnati,2022,,,15,pass,1.0276548862457275,False,26.0
2021,Desmond Ridder,Cincinnati,2022,,,0,pass,-0.4902160167694092,False,36.0
2021,Desmond Ridder,Cincinnati,2022,,,12,pass,0.7721848487854004,False,48.0
2021,Desmond Ridder,Cincinnati,2022,,,4,pass,-0.161049485206604,False,79.0
2021,Desmond Ridder,Cincinnati,2022,,,-23,pass,-5.674940586090088,False,62.0
2021,Desmond Ridder,Cincinnati,2022,,,6,pass,0.1024782657623291,False,63.0
2021,Desmond Ridder,Cincinnati,2022,,,21,pass,2.4077725410461426,False,84.0
2021,Desmond Ridder,Cincinnati,2022,,,0,pass,-0.9139820337295532,False,84.0
2021,Desmond Ridder,Cincinnati,2022,,,6,pass,0.35165905952453613,False,90.0
2021,Desmond Ridder,Cincinnati,2022,,,0,pass,-1.3028879165649414,False,75.0
2021,Desmond Ridder,Cincinnati,2022,,,4,pass,-0.010865777730941772,False,79.0
2021,Desmond Ridder,Cincinnati,2022,,,0,pass,-1.232578992843628,False,72.0
2021,Desmond Ridder,Cincinnati,2022,,,0,pass,-0.9771093130111694,False,72.0
2021,Desmond Ridder,Cincinnati,2022,,,8,pass,0.26123109459877014,False,80.0
2021,Desmond Ridder,Cincinnati,2022,,,0,pass,-3.1809098720550537,False,65.0
2021,Desmond Ridder,Cincinnati,2022,,,0,pass,-0.8909441232681274,False,65.0
2021,Desmond Ridder,Cincinnati,2022,,,11,pass,0.3436870574951172,False,88.0
2021,Desmond Ridder,Cincinnati,2022,,,0,pass,-0.7643380165100098,False,86.0
2021,Desmond Ridder,Cincinnati,2022,,,0,pass,-0.9859037399291992,False,83.0
2021,Desmond Ridder,Cincinnati,2022,,,9,pass,-0.5310101509094238,False,83.0
2021,Desmond Ridder,Cincinnati,2022,,,8,pass,2.1724681854248047,True,8.0
2021,Desmond Ridder,Cincinnati,2022,,,15,pass,1.1500630378723145,False,19.0
2021,Desmond Ridder,Cincinnati,2022,,,10,pass,0.5443439483642578,False,29.0
2021,Desmond Ridder,Cincinnati,2022,,,11,pass,0.45964956283569336,False,40.0
2021,Desmond Ridder,Cincinnati,2022,,,19,pass,0.7398171424865723,False,59.0
2021,Desmond Ridder,Cincinnati,2022,,,8,pass,0.44287586212158203,False,67.0
2021,Desmond Ridder,Cincinnati,2022,,,-12,pass,-1.9232540130615234,False,73.0
2021,Desmond Ridder,Cincinnati,2022,,,0,pass,-0.4914870262145996,False,80.0
2021,Desmond Ridder,Cincinnati,2022,,,0,pass,-3.4449987411499023,False,22.0
2021,Desmond Ridder,Cincinnati,2022,,,4,pass,-0.2352309226989746,False,29.0
2021,Desmond Ridder,Cincinnati,2022,,,13,pass,0.5564088821411133,False,44.0
2021,Desmond Ridder,Cincinnati,2022,,,9,pass,0.3394756317138672,False,30.0
2021,Desmond Ridder,Cincinnati,2022,,,47,pass,2.713423728942871,False,72.0
2021,Desmond Ridder,Cincinnati,2022,,,-4,pass,-1.144469976425171,False,68.0
2021,Desmond Ridder,Cincinnati,2022,,,0,pass,-2.0103683471679688,False,79.0
2021,Desmond Ridder,Cincinnati,2022,,,-2,pass,-1.1145210266113281,False,77.0
2021,Desmond Ridder,Cincinnati,2022,,,23,pass,2.975008010864258,True,23.0
2021,Desmond Ridder,Cincinnati,2022,,,4,pass,-0.6192789077758789,False,27.0
2021,Desmond Ridder,Cincinnati,2022,,,6,pass,0.2114715576171875,False,42.0
2021,Desmond Ridder,Cincinnati,2022,,,12,pass,0.46212315559387207,False,54.0
2021,Desmond Ridder,Cincinnati,2022,,,9,pass,0.6601178646087646,False,72.0
2021,Desmond Ridder,Cincinnati,2022,,,8,pass,1.3231234550476074,True,8.0
2021,Desmond Ridder,Cincinnati,2022,,,9,pass,0.6721510887145996,False,29.0
2021,Desmond Ridder,Cincinnati,2022,,,6,pass,2.0637545585632324,False,93.0
2021,Desmond Ridder,Cincinnati,2022,,,0,pass,-1.0599983930587769,False,93.0
2021,Desmond Ridder,Cincinnati,2022,,,81,pass,5.634822368621826,True,81.0
2021,Desmond Ridder,Cincinnati,2022,,,48,pass,2.1288185119628906,False,52.0
2021,Desmond Ridder,Cincinnati,2022,,,23,pass,1.7083311080932617,True,23.0
2021,Desmond Ridder,Cincinnati,2022,,,12,pass,0.33594179153442383,False,36.0
2021,Desmond Ridder,Cincinnati,2022,,,8,pass,0.4396247863769531,False,44.0
2021,Desmond Ridder,Cincinnati,2022,,,38,pass,1.9533355236053467,False,82.0
2021,Desmond Ridder,Cincinnati,2022,,,17,pass,1.498741626739502,False,22.0
2021,Desmond Ridder,Cincinnati,2022,,,12,pass,1.2629811763763428,False,52.0
2021,Desmond Ridder,Cincinnati,2022,,,27,pass,3.3574416637420654,False,45.0
2021,Desmond Ridder,Cincinnati,2022,,,-4,pass,-1.6073585748672485,False,47.0
2021,Desmond Ridder,Cincinnati,2022,,,16,pass,1.7909048795700073,False,63.0
2021,Desmond Ridder,Cincinnati,2022,,,4,pass,-0.12265396118164062,False,71.0
2021,Desmond Ridder,Cincinnati,2022,,,16,pass,2.1417150497436523,False,39.0
2021,Desmond Ridder,Cincinnati,2022,,,1,pass,-0.7947483062744141,False,40.0
2021,Desmond Ridder,Cincinnati,2022,,,2,pass,3.4869682788848877,True,2.0
2021,Desmond Ridder,Cincinnati,2022,,,19,pass,1.4012830257415771,False,40.0
2021,Desmond Ridder,Cincinnati,2022,,,0,pass,-0.5829131603240967,False,52.0
2021,Desmond Ridder,Cincinnati,2022,,,0,pass,-1.6750130653381348,False,82.0
2021,Desmond Ridder,Cincinnati,2022,,,11,pass,2.624927520751953,True,11.0
2021,Desmond Ridder,Cincinnati,2022,,,0,pass,-0.7735075950622559,False,11.0
2021,Desmond Ridder,Cincinnati,2022,,,9,pass,0.7751631736755371,False,26.0
2021,Desmond Ridder,Cincinnati,2022,,,27,pass,0.873077392578125,False,53.0
2021,Desmond Ridder,Cincinnati,2022,,,0,pass,-0.35622692108154297,False,57.0
2021,Desmond Ridder,Cincinnati,2022,,,33,pass,1.7344884872436523,False,61.0
2021,Desmond Ridder,Cincinnati,2022,,,38,pass,2.1152400970458984,True,38.0
2021,Desmond Ridder,Cincinnati,2022,,,16,pass,0.21377992630004883,False,54.0
2021,Desmond Ridder,Cincinnati,2022,,,0,pass,-1.6529394388198853,False,87.0
2021,Desmond Ridder,Cincinnati,2022,,,4,pass,-1.2175287008285522,False,91.0
2021,Desmond Ridder,Cincinnati,2022,,,1,pass,1.723876714706421,False,76.0
2021,Desmond Ridder,Cincinnati,2022,,,0,pass,-0.9995330572128296,False,26.0
2021,Desmond Ridder,Cincinnati,2022,,,-7,pass,-1.4183034896850586,False,19.0
2021,Desmond Ridder,Cincinnati,2022,,,7,pass,0.31710124015808105,False,26.0
2021,Desmond Ridder,Cincinnati,2022,,,0,pass,-0.6858415603637695,False,30.0
2021,Desmond Ridder,Cincinnati,2022,,,8,pass,0.6184768676757812,False,38.0
2021,Desmond Ridder,Cincinnati,2022,,,7,pass,0.14799261093139648,False,58.0
2021,Desmond Ridder,Cincinnati,2022,,,11,pass,0.5851762294769287,False,69.0
2021,Desmond Ridder,Cincinnati,2022,,,9,pass,1.4292302131652832,False,17.0
2021,Desmond Ridder,Cincinnati,2022,,,6,pass,1.2202858924865723,False,28.0
2021,Desmond Ridder,Cincinnati,2022,,,0,pass,-0.6238834857940674,False,33.0
2021,Desmond Ridder,Cincinnati,2022,,,14,pass,0.7894117832183838,False,47.0
2021,Desmond Ridder,Cincinnati,2022,,,9,pass,1.8801422119140625,True,9.0
2021,Desmond Ridder,Cincinnati,2022,,,0,pass,-1.7690786123275757,False,63.0
2021,Desmond Ridder,Cincinnati,2022,,,3,pass,-0.3604264259338379,False,69.0
2021,Desmond Ridder,Cincinnati,2022,,,-6,pass,-1.5657939910888672,False,6.0
2021,Desmond Ridder,Cincinnati,2022,,,6,pass,0.27198290824890137,False,23.0
2021,Desmond Ridder,Cincinnati,2022,,,0,pass,-0.622901201248169,False,23.0
2021,Desmond Ridder,Cincinnati,2022,,,21,pass,1.857863426208496,False,44.0
2021,Desmond Ridder,Cincinnati,2022,,,0,pass,-0.6376402378082275,False,44.0
2021,Desmond Ridder,Cincinnati,2022,,,26,pass,2.2404050827026367,False,70.0
2021,Desmond Ridder,Cincinnati,2022,,,5,pass,-0.8536784648895264,False,74.0
2021,Desmond Ridder,Cincinnati,2022,,,0,pass,-0.8829296827316284,False,74.0
2021,Desmond Ridder,Cincinnati,2022,,,-12,pass,-1.6820433139801025,False,67.0
2021,Desmond Ridder,Cincinnati,2022,,,2,pass,-0.5646212100982666,False,64.0
2021,Desmond Ridder,Cincinnati,2022,,,8,pass,-3.923844814300537,False,37.0
2021,Desmond Ridder,Cincinnati,2022,,,8,pass,0.3713827133178711,False,63.0
2021,Desmond Ridder,Cincinnati,2022,,,15,pass,1.151883602142334,False,34.0
2021,Desmond Ridder,Cincinnati,2022,,,19,pass,1.7852463722229004,True,19.0
2021,Desmond Ridder,Cincinnati,2022,,,23,pass,0.8437683582305908,False,42.0
2021,Desmond Ridder,Cincinnati,2022,,,0,pass,-1.3656675815582275,False,64.0
2021,Desmond Ridder,Cincinnati,2022,,,0,pass,-0.8924763202667236,False,64.0
2021,Desmond Ridder,Cincinnati,2022,,,0,pass,-1.8556820154190063,False,38.0
2021,Desmond Ridder,Cincinnati,2022,,,2,pass,-0.6763668060302734,False,7.0
2021,Desmond Ridder,Cincinnati,2022,,,2,pass,-0.3790907859802246,False,9.0
2021,Desmond Ridder,Cincinnati,2022,,,20,pass,1.0371294021606445,False,29.0
2021,Desmond Ridder,Cincinnati,2022,,,12,pass,2.0145797729492188,False,41.0
2021,Desmond Ridder,Cincinnati,2022,,,16,pass,0.521514892578125,False,57.0
2021,Desmond Ridder,Cincinnati,2022,,,0,pass,-0.6066441535949707,False,57.0
2021,Desmond Ridder,Cincinnati,2022,,,8,pass,1.2034101486206055,False,31.0
2021,Desmond Ridder,Cincinnati,2022,,,0,pass,-0.6471834182739258,False,38.0
2021,Desmond Ridder,Cincinnati,2022,,,8,pass,0.44040846824645996,False,50.0
2021,Desmond Ridder,Cincinnati,2022,,,3,pass,0.6146807670593262,True,3.0
2021,Desmond Ridder,Cincinnati,2022,,,6,pass,1.4418489933013916,False,20.0
2021,Desmond Ridder,Cincinnati,2022,,,5,pass,0.09178400039672852,False,25.0
2021,Desmond Ridder,Cincinnati,2022,,,9,pass,3.313570022583008,False,33.0
2021,Desmond Ridder,Cincinnati,2022,,,0,pass,-1.5693597793579102,False,33.0
2021,Desmond Ridder,Cincinnati,2022,,,0,pass,-0.5886023044586182,False,35.0
2021,Desmond Ridder,Cincinnati,2022,,,4,pass,-0.12114429473876953,False,49.0
2021,Desmond Ridder,Cincinnati,2022,,,0,pass,-1.252821445465088,False,14.0
2021,Desmond Ridder,Cincinnati,2022,,,-7,pass,-1.8275032043457031,False,7.0
2021,Desmond Ridder,Cincinnati,2022,,,7,pass,0.6000223159790039,False,14.0
2021,Desmond Ridder,Cincinnati,2022,,,11,pass,0.576200008392334,False,25.0
2021,Desmond Ridder,Cincinnati,2022,,,9,pass,0.5346918106079102,False,34.0
2021,Desmond Ridder,Cincinnati,2022,,,9,pass,0.7259197235107422,False,47.0
2021,Desmond Ridder,Cincinnati,2022,,,0,pass,-0.5254709720611572,False,47.0
2021,Desmond Ridder,Cincinnati,2022,,,6,pass,0.012413501739501953,False,60.0
2021,Desmond Ridder,Cincinnati,2022,,,13,pass,2.4043948650360107,False,73.0
2021,Desmond Ridder,Cincinnati,2022,,,0,pass,-0.9307878017425537,False,73.0
2021,Desmond Ridder,Cincinnati,2022,,,1,pass,-4.6882524490356445,False,22.0
2021,Desmond Ridder,Cincinnati,2022,,,16,pass,2.232288122177124,False,38.0
2021,Desmond Ridder,Cincinnati,2022,,,0,pass,-0.9468138217926025,False,38.0
2021,Desmond Ridder,Cincinnati,2022,,,5,pass,0.05968308448791504,False,43.0
2021,Desmond Ridder,Cincinnati,2022,,,17,pass,2.2467668056488037,False,60.0
2021,Desmond Ridder,Cincinnati,2022,,,31,pass,2.9203238487243652,True,31.0
2021,Desmond Ridder,Cincinnati,2022,,,8,pass,0.7368204593658447,False,44.0
2021,Desmond Ridder,Cincinnati,2022,,,0,pass,-1.3044962882995605,False,55.0
2021,Desmond Ridder,Cincinnati,2022,,,0,pass,-0.5355992317199707,False,50.0
2021,Desmond Ridder,Cincinnati,2022,,,0,pass,-0.8616671562194824,False,53.0
2021,Desmond Ridder,Cincinnati,2022,,,9,pass,1.000807523727417,False,62.0
2021,Desmond Ridder,Cincinnati,2022,,,26,pass,3.732956886291504,True,26.0
2021,Desmond Ridder,Cincinnati,2022,,,0,pass,-1.5796921253204346,False,4.0
2021,Desmond Ridder,Cincinnati,2022,,,-10,pass,-1.7829844951629639,False,46.0
2021,Desmond Ridder,Cincinnati,2022,,,0,pass,-0.6440243721008301,False,44.0
2021,Desmond Ridder,Cincinnati,2022,,,30,pass,1.9822509288787842,False,74.0
2021,Desmond Ridder,Cincinnati,2022,,,6,pass,0.4672626256942749,False,84.0
2021,Desmond Ridder,Cincinnati,2022,,,9,pass,-0.20889487862586975,False,67.0
2021,Desmond Ridder,Cincinnati,2022,,,5,pass,1.0156474113464355,True,5.0
2021,Desmond Ridder,Cincinnati,2022,,,0,pass,-0.8114199638366699,False,13.0
2021,Desmond Ridder,Cincinnati,2022,,,4,pass,-0.12944626808166504,False,53.0
2021,Desmond Ridder,Cincinnati,2022,,,8,pass,0.6710638999938965,False,61.0
2021,Desmond Ridder,Cincinnati,2022,,,0,pass,-2.0954856872558594,False,40.0
2021,Desmond Ridder,Cincinnati,2022,,,4,pass,-0.20911455154418945,False,64.0
2021,Desmond Ridder,Cincinnati,2022,,,7,pass,-1.1737836599349976,False,75.0
2021,Desmond Ridder,Cincinnati,2022,,,33,pass,-2.3373358249664307,False,29.0
2021,Desmond Ridder,Cincinnati,2022,,,-6,pass,-0.5382719039916992,False,23.0
2021,Desmond Ridder,Cincinnati,2022,,,28,pass,2.249861001968384,False,68.0
2021,Desmond Ridder,Cincinnati,2022,,,0,pass,-0.6599019765853882,False,68.0
2021,Desmond Ridder,Cincinnati,2022,,,12,pass,0.8355170488357544,False,80.0
2021,Desmond Ridder,Cincinnati,2022,,,0,pass,-0.13604074716567993,False,92.0
2021,Desmond Ridder,Cincinnati,2022,,,16,pass,2.2080330848693848,True,16.0
2021,Desmond Ridder,Cincinnati,2022,,,21,pass,3.024240493774414,False,37.0
2021,Desmond Ridder,Cincinnati,2022,,,-9,pass,-3.024240493774414,False,28.0
2021,Desmond Ridder,Cincinnati,2022,,,0,pass,-0.6102950572967529,False,28.0
2021,Desmond Ridder,Cincinnati,2022,,,9,pass,0.9447383880615234,False,37.0
2021,Desmond Ridder,Cincinnati,2022,,,3,pass,-0.4086165428161621,False,48.0
2021,Desmond Ridder,Cincinnati,2022,,,0,pass,-0.6664494276046753,False,60.0
2021,Desmond Ridder,Cincinnati,2022,,,38,pass,4.646440029144287,False,98.0
2021,Desmond Ridder,Cincinnati,2022,,,0,pass,-1.063016414642334,False,61.0
2021,Desmond Ridder,Cincinnati,2022,,,0,pass,-0.7303367257118225,False,56.0
2021,Desmond Ridder,Cincinnati,2022,,,9,pass,-0.13979411125183105,False,72.0
2021,Desmond Ridder,Cincinnati,2022,,,0,pass,-1.1978914737701416,False,72.0
2021,Desmond Ridder,Cincinnati,2022,,,-4,pass,-1.1935195922851562,False,68.0
2021,Desmond Ridder,Cincinnati,2022,,,10,pass,-2.709430694580078,False,52.0
2021,Desmond Ridder,Cincinnati,2022,,,12,pass,0.7469971179962158,False,78.0
2021,Desmond Ridder,Cincinnati,2022,,,31,pass,2.404405117034912,True,31.0
2021,Desmond Ridder,Cincinnati,2022,,,12,pass,1.903761863708496,True,12.0
2021,Desmond Ridder,Cincinnati,2022,,,40,pass,2.0195021629333496,False,52.0
2021,Desmond Ridder,Cincinnati,2022,,,15,pass,1.2094448804855347,False,67.0
2021,Desmond Ridder,Cincinnati,2022,,,0,pass,-0.953362226486206,False,74.0
2021,Desmond Ridder,Cincinnati,2022,,,-4,pass,-1.186294436454773,False,21.0
2021,Desmond Ridder,Cincinnati,2022,,,-3,pass,-1.4028499126434326,False,18.0
2021,Desmond Ridder,Cincinnati,2022,,,3,pass,-0.3414473533630371,False,30.0
2021,Desmond Ridder,Cincinnati,2022,,,13,pass,0.6694402694702148,False,43.0
2021,Desmond Ridder,Cincinnati,2022,,,34,pass,1.7251479625701904,False,77.0
2021,Desmond Ridder,Cincinnati,2022,,,0,pass,-0.49645376205444336,False,5.0
2021,Desmond Ridder,Cincinnati,2022,,,36,pass,2.057981014251709,False,41.0
2021,Desmond Ridder,Cincinnati,2022,,,0,pass,-0.5376005172729492,False,75.0
2021,Desmond Ridder,Cincinnati,2022,,,13,pass,1.7716054916381836,False,88.0
2021,Desmond Ridder,Cincinnati,2022,,,0,pass,-5.672539234161377,False,75.0
2021,Desmond Ridder,Cincinnati,2022,,,33,pass,3.1077699661254883,False,43.0
2021,Desmond Ridder,Cincinnati,2022,,,17,pass,1.1474356651306152,False,53.0
2021,Desmond Ridder,Cincinnati,2022,,,0,pass,-1.2306801080703735,False,50.0
2021,Desmond Ridder,Cincinnati,2022,,,0,pass,-0.5147867202758789,False,50.0
2021,Desmond Ridder,Cincinnati,2022,,,11,pass,0.6714239120483398,False,64.0
2021,Desmond Ridder,Cincinnati,2022,,,9,pass,0.5065971612930298,False,75.0
2021,Desmond Ridder,Cincinnati,2022,,,0,pass,-0.796140193939209,False,1.0
2021,Desmond Ridder,Cincinnati,2022,,,9,pass,0.6475424766540527,False,20.0
2021,Desmond Ridder,Cincinnati,2022,,,16,pass,1.3830690383911133,False,17.0
2021,Desmond Ridder,Cincinnati,2022,,,17,pass,0.9653975963592529,False,45.0
2021,Desmond Ridder,Cincinnati,2022,,,12,pass,1.3548469543457031,False,72.0
2021,Desmond Ridder,Cincinnati,2022,,,1,pass,-0.6746997833251953,False,73.0
2021,Desmond Ridder,Cincinnati,2022,,,0,pass,-1.2161891460418701,False,66.0
2021,Desmond Ridder,Cincinnati,2022,,,4,pass,-0.1971440315246582,False,64.0
2021,Desmond Ridder,Cincinnati,2022,,,10,pass,1.1673616170883179,False,74.0
2021,Desmond Ridder,Cincinnati,2022,,,21,pass,1.6917929649353027,True,21.0
2021,Desmond Ridder,Cincinnati,2022,,,0,pass,-0.7384464740753174,False,29.0
2021,Desmond Ridder,Cincinnati,2022,,,12,pass,0.4907543659210205,False,47.0
2021,Desmond Ridder,Cincinnati,2022,,,9,pass,0.9754195213317871,False,63.0
2021,Desmond Ridder,Cincinnati,2022,,,3,pass,-3.155141592025757,False,66.0
2021,Desmond Ridder,Cincinnati,2022,,,9,pass,2.0626778602600098,False,18.0
2021,Desmond Ridder,Cincinnati,2022,,,19,pass,1.2801223993301392,False,37.0
2021,Desmond Ridder,Cincinnati,2022,,,7,pass,0.5075337886810303,False,44.0
2021,Desmond Ridder,Cincinnati,2022,,,5,pass,-0.28556734323501587,False,51.0
2021,Desmond Ridder,Cincinnati,2022,,,0,pass,-0.7622333765029907,False,51.0
2021,Desmond Ridder,Cincinnati,2022,,,1,pass,1.1227245330810547,True,1.0
2021,Desmond Ridder,Cincinnati,2022,,,19,pass,1.6593875885009766,False,28.0
2021,Desmond Ridder,Cincinnati,2022,,,9,pass,0.09375667572021484,False,22.0
2021,Desmond Ridder,Cincinnati,2022,,,7,pass,0.4527745246887207,False,29.0
2021,Desmond Ridder,Cincinnati,2022,,,11,pass,1.4159038066864014,False,40.0
2021,Desmond Ridder,Cincinnati,2022,,,6,pass,0.1017293930053711,False,46.0
2021,Desmond Ridder,Cincinnati,2022,,,-10,pass,-2.4862115383148193,False,52.0
2021,Desmond Ridder,Cincinnati,2022,,,3,pass,-0.500791072845459,False,15.0
2021,Desmond Ridder,Cincinnati,2022,,,9,pass,1.2230255603790283,False,24.0
2021,Desmond Ridder,Cincinnati,2022,,,15,pass,1.0402641296386719,False,39.0
2021,Desmond Ridder,Cincinnati,2022,,,14,pass,1.114595890045166,False,53.0
2021,Desmond Ridder,Cincinnati,2022,,,7,pass,0.8306047320365906,False,60.0
2021,Desmond Ridder,Cincinnati,2022,,,3,pass,0.17421352863311768,False,67.0
2021,Desmond Ridder,Cincinnati,2022,,,8,pass,0.791018545627594,False,75.0
2021,Desmond Ridder,Cincinnati,2022,,,61,pass,-8.264341354370117,False,50.0
2021,Desmond Ridder,Cincinnati,2022,,,18,pass,-4.388463497161865,False,87.0
2021,Desmond Ridder,Cincinnati,2022,,,17,pass,1.3393659591674805,True,17.0
2021,Desmond Ridder,Cincinnati,2022,,,0,pass,-0.4730110168457031,False,36.0
2021,Desmond Ridder,Cincinnati,2022,,,39,pass,1.8129868507385254,False,40.0
2021,Desmond Ridder,Cincinnati,2022,,,6,pass,-0.01225137710571289,False,62.0
2021,Desmond Ridder,Cincinnati,2022,,,15,pass,0.5803196430206299,False,77.0
2021,Desmond Ridder,Cincinnati,2022,,,0,pass,-0.5113010406494141,False,20.0
2021,Desmond Ridder,Cincinnati,2022,,,0,pass,-0.28378963470458984,False,21.0
2021,Desmond Ridder,Cincinnati,2022,,,23,pass,1.3166872262954712,False,44.0
2021,Desmond Ridder,Cincinnati,2022,,,22,pass,0.34882688522338867,False,66.0
2021,Desmond Ridder,Cincinnati,2022,,,1,pass,-0.6554722785949707,False,17.0
2021,Desmond Ridder,Cincinnati,2022,,,0,pass,-0.6814167499542236,False,17.0
2021,Desmond Ridder,Cincinnati,2022,,,5,pass,-0.11935758590698242,False,25.0
2021,Desmond Ridder,Cincinnati,2022,,,17,pass,2.045846462249756,True,17.0
2021,Desmond Ridder,Cincinnati,2022,,,19,pass,1.022629976272583,False,42.0
2021,Desmond Ridder,Cincinnati,2022,,,0,pass,-0.5068562030792236,False,54.0
2021,Desmond Ridder,Cincinnati,2022,,,11,pass,0.48490428924560547,False,65.0
2021,Desmond Ridder,Cincinnati,2022,,,5,pass,-0.1915285587310791,False,45.0
2021,Desmond Ridder,Cincinnati,2022,,,3,pass,-0.45020508766174316,False,49.0
2021,Desmond Ridder,Cincinnati,2022,,,25,pass,1.637528896331787,False,74.0
2021,Desmond Ridder,Cincinnati,2022,,,3,pass,-0.30170249938964844,False,14.0
2021,Desmond Ridder,Cincinnati,2022,,,10,pass,1.1265053749084473,False,24.0
2021,Desmond Ridder,Cincinnati,2022,,,0,pass,-1.5528104305267334,False,57.0
2021,Desmond Ridder,Cincinnati,2022,,,53,pass,3.6367931365966797,True,53.0
2021,Desmond Ridder,Cincinnati,2022,,,0,pass,-5.568253993988037,False,2.0
2021,Desmond Ridder,Cincinnati,2022,,,2,pass,-0.23187971115112305,False,4.0
2021,Desmond Ridder,Cincinnati,2022,,,20,pass,1.5424561500549316,False,29.0
2021,Desmond Ridder,Cincinnati,2022,,,0,pass,-0.5237560272216797,False,29.0
2021,Desmond Ridder,Cincinnati,2022,,,4,pass,-0.17101609706878662,False,69.0
2021,Desmond Ridder,Cincinnati,2022,,,0,pass,-1.0548970699310303,False,93.0
2021,Desmond Ridder,Cincinnati,2022,,,0,pass,-1.4309179782867432,False,62.0
2021,Desmond Ridder,Cincinnati,2022,,,21,pass,1.731685757637024,False,87.0
2021,Desmond Ridder,Cincinnati,2022,,,0,pass,-3.345275402069092,False,55.0
2021,Desmond Ridder,Cincinnati,2022,,,0,pass,-0.9303030967712402,False,55.0
2021,Desmond Ridder,Cincinnati,2022,,,0,pass,-0.5554232597351074,False,55.0
2021,Desmond Ridder,Cincinnati,2022,,,26,pass,0.5554232597351074,False,81.0
2021,Desmond Ridder,Cincinnati,2022,,,0,pass,-0.7253718376159668,False,8.0
2021,Desmond Ridder,Cincinnati,2022,,,9,pass,1.4388742446899414,False,19.0
2021,Desmond Ridder,Cincinnati,2022,,,10,pass,0.4976463317871094,False,61.0
2021,Desmond Ridder,Cincinnati,2022,,,28,pass,3.1062562465667725,True,28.0
2021,Desmond Ridder,Cincinnati,2022,,,18,pass,1.0951883792877197,False,46.0
2021,Desmond Ridder,Cincinnati,2022,,,8,pass,1.065044641494751,False,64.0
2021,Desmond Ridder,Cincinnati,2022,,,24,pass,3.1877219676971436,False,90.0
2021,Desmond Ridder,Cincinnati,2022,,,53,pass,3.275235891342163,False,58.0
2021,Desmond Ridder,Cincinnati,2022,,,44,pass,3.5738697052001953,True,44.0
2021,Desmond Ridder,Cincinnati,2022,,,19,pass,2.3143365383148193,False,70.0
2021,Desmond Ridder,Cincinnati,2022,,,6,pass,0.033843934535980225,False,76.0
2021,Desmond Ridder,Cincinnati,2022,,,0,pass,-3.208716869354248,False,29.0
2021,Desmond Ridder,Cincinnati,2022,,,0,pass,-1.0314710140228271,False,32.0
2021,Desmond Ridder,Cincinnati,2022,,,6,pass,0.25481247901916504,False,60.0
2021,Desmond Ridder,Cincinnati,2022,,,-10,pass,-1.256316065788269,False,17.0
2021,Desmond Ridder,Cincinnati,2022,,,-4,pass,-1.0544018745422363,False,13.0
2021,Desmond Ridder,Cincinnati,2022,,,18,pass,1.5318841934204102,False,30.0
2021,Desmond Ridder,Cincinnati,2022,,,0,pass,-0.7195979952812195,False,69.0
2021,Desmond Ridder,Cincinnati,2022,,,0,pass,-1.4779720306396484,False,50.0
2021,Desmond Ridder,Cincinnati,2022,,,0,pass,-0.5467584133148193,False,51.0
2021,Desmond Ridder,Cincinnati,2022,,,4,pass,-0.2750875949859619,False,49.0
2021,Desmond Ridder,Cincinnati,2022,,,18,pass,0.5739614963531494,False,60.0
2021,Desmond Ridder,Cincinnati,2022,,,21,pass,2.447436809539795,True,21.0
2021,Desmond Ridder,Cincinnati,2022,,,8,pass,1.5577259063720703,True,8.0
2021,Desmond Ridder,Cincinnati,2022,,,44,pass,2.861330986022949,False,70.0
2021,Desmond Ridder,Cincinnati,2022,,,0,pass,-0.3499562442302704,False,68.0
2021,Desmond Ridder,Cincinnati,2022,,,-10,pass,-1.3110922574996948,False,88.0
2021,Desmond Ridder,Cincinnati,2022,,,0,pass,-0.47073811292648315,False,83.0
2021,Desmond Ridder,Cincinnati,2022,,,19,pass,1.7237615585327148,False,40.0
2021,Desmond Ridder,Cincinnati,2022,,,0,pass,-0.5958826541900635,False,40.0
2021,Desmond Ridder,Cincinnati,2022,,,25,pass,2.4632387161254883,True,25.0
2021,Desmond Ridder,Cincinnati,2022,,,17,pass,0.7060818672180176,False,42.0
2021,Desmond Ridder,Cincinnati,2022,,,17,pass,1.2104072570800781,False,59.0
2021,Desmond Ridder,Cincinnati,2022,,,17,pass,1.1732151508331299,False,82.0
2021,Desmond Ridder,Cincinnati,2022,,,0,pass,-2.713103771209717,False,38.0
2021,Desmond Ridder,Cincinnati,2022,,,0,pass,-0.42355242371559143,False,49.0
2021,Desmond Ridder,Cincinnati,2022,,,-6,pass,-1.719386339187622,False,43.0
2021,Desmond Ridder,Cincinnati,2022,,,12,pass,1.2457396984100342,False,69.0
2021,Desmond Ridder,Cincinnati,2022,,,11,pass,1.0014042854309082,False,75.0
2021,Desmond Ridder,Cincinnati,2022,,,-4,pass,-3.800562858581543,False,22.0
2021,Desmond Ridder,Cincinnati,2022,,,1,pass,-1.4169262647628784,False,23.0
2021,Desmond Ridder,Cincinnati,2022,,,0,pass,-0.7218401432037354,False,23.0
2021,Desmond Ridder,Cincinnati,2022,,,28,pass,2.414278507232666,False,57.0
2021,Desmond Ridder,Cincinnati,2022,,,-10,pass,-1.7593648433685303,False,57.0
2021,Desmond Ridder,Cincinnati,2022,,,0,pass,-0.972443163394928,False,57.0
2021,Desmond Ridder,Cincinnati,2022,,,0,pass,-1.6127259731292725,False,65.0
2021,Desmond Ridder,Cincinnati,2022,,,0,pass,-0.797348141670227,False,71.0
2021,Desmond Ridder,Cincinnati,2022,,,5,pass,0.3916947841644287,False,24.0
2021,Desmond Ridder,Cincinnati,2022,,,12,pass,0.9793312549591064,False,48.0
2021,Desmond Ridder,Cincinnati,2022,,,7,pass,0.20075416564941406,False,55.0
2021,Desmond Ridder,Cincinnati,2022,,,9,pass,1.0892398357391357,False,64.0
2021,Desmond Ridder,Cincinnati,2022,,,-5,pass,-0.12277776002883911,False,51.0
2021,Desmond Ridder,Cincinnati,2022,,,-4,pass,-0.8388525247573853,False,47.0
2021,Desmond Ridder,Cincinnati,2022,,,0,pass,-0.2832454442977905,False,47.0
2021,Desmond Ridder,Cincinnati,2022,,,0,pass,-0.2598186731338501,False,47.0
2021,Desmond Ridder,Cincinnati,2022,,,4,pass,-0.17020750045776367,False,60.0
2021,Desmond Ridder,Cincinnati,2022,,,0,pass,-1.1513888835906982,False,69.0
2021,Desmond Ridder,Cincinnati,2022,,,5,pass,-0.12813186645507812,False,74.0
2021,Desmond Ridder,Cincinnati,2022,,,0,pass,-0.6589432954788208,False,74.0
2021,Desmond Ridder,Cincinnati,2022,,,0,pass,-1.5750679969787598,False,64.0
2021,Desmond Ridder,Cincinnati,2022,,,5,pass,-0.40935730934143066,False,79.0
2021,Desmond Ridder,Cincinnati,2022,,,-9,pass,-2.2762176990509033,False,70.0
2021,Desmond Ridder,Cincinnati,2022,,,-6,pass,-1.40604567527771,False,9.0
2021,Desmond Ridder,Cincinnati,2022,,,0,pass,-0.847559928894043,False,9.0
2021,Desmond Ridder,Cincinnati,2022,,,0,pass,-0.6739439964294434,False,9.0
2021,Desmond Ridder,Cincinnati,2022,,,22,pass,2.3320255279541016,False,31.0
2021,Desmond Ridder,Cincinnati,2022,,,0,pass,-0.647052526473999,False,31.0
2021,Desmond Ridder,Cincinnati,2022,,,19,pass,1.5559221506118774,False,50.0
2021,Desmond Ridder,Cincinnati,2022,,,0,pass,-0.8097679615020752,False,53.0
2021,Desmond Ridder,Cincinnati,2022,,,4,pass,0.5152122974395752,False,66.0
2021,Desmond Ridder,Cincinnati,2022,,,6,pass,0.4473145306110382,False,75.0
