player_name,college_college,draft_year,final_season,draft_round,draft_pick,pass_attempts,completions,passing_yards,passing_tds,interceptions,games_played,opponents,leaf_name,college_nfl,nfl_team,round,pick,rookie_games,rookie_attempts,rookie_leaf_mean,rookie_leaf_final,rookie_leaf_std,rookie_leaf_min,rookie_leaf_max,rookie_epa_mean,rookie_cpoe_mean,college_games_played,competition_tier
Jameis Winston,Florida State,2015,2014,1,1,,,,,,14,,J.Winston,Florida St.,TAM,1,1,16,0.0,-0.0116285458922431,0.051797122694383,0.0742443535778879,-0.1495537869123131,0.0711684582746312,,,14,High
Marcus Mariota,Oregon,2015,2014,1,2,,,,,,15,,M.Mariota,Oregon,TEN,1,2,12,0.0,0.146068749741815,-0.1210482025371737,0.2321330128928809,-0.1210482025371737,0.7227518201400923,,,15,High
Sean Mannion,Oregon State,2015,2014,3,89,,,,,,12,,S.Mannion,Oregon St.,STL,3,89,1,0.0,-0.2030038375684063,-0.2030038375684063,,-0.2030038375684063,-0.2030038375684063,,,12,Medium
Jared Goff,California,2016,2015,1,1,,,,,,13,,J.Goff,California,LAR,1,1,7,0.0,-0.349221070892647,-0.4166481213427109,0.0426897973852568,-0.4166481213427109,-0.2956947894589649,,,13,High
Carson Wentz,North Dakota State,2016,2015,1,2,,,,,,15,,C.Wentz,North Dakota St.,PHI,1,2,16,0.0,0.0035298668547335,-0.1027187517532201,0.0892159508910542,-0.1027187517532201,0.1772849619698203,,,15,High
Paxton Lynch,Memphis,2016,2015,1,26,,,,,,13,,P.Lynch,Memphis,DEN,1,26,3,0.0,0.0623433125620617,-0.1180947771756119,0.1683727764627029,-0.1180947771756119,0.2152597551649654,,,13,High
Jacoby Brissett,NC State,2016,2015,3,91,,,,,,13,,J.Brissett,North Carolina St.,NWE,3,91,3,0.0,-0.1133930913547199,-0.1178587307236281,0.0363818881815341,-0.1473360278672522,-0.0749845154732795,,,13,High
Cody Kessler,USC,2016,2015,3,93,,,,,,14,,C.Kessler,USC,CLE,3,93,9,0.0,0.0269956447216944,-0.0226229105930739,0.0565238820060131,-0.0650652152528146,0.1029734395053259,,,14,High
Connor Cook,Michigan State,2016,2015,4,100,,,,,,14,,C.Cook,Michigan St.,OAK,4,100,2,0.0,-0.4177917797697064,-0.3835223208363981,0.0484643335986724,-0.4520612387030147,-0.3835223208363981,,,14,High
Dak Prescott,Mississippi State,2016,2015,4,135,,,,,,13,,D.Prescott,Mississippi St.,DAL,4,135,17,0.0,0.1465490259269362,0.1355817368327831,0.0694981890248542,-0.0439418212548599,0.237641058765541,,,13,High
Cardale Jones,Ohio State,2016,2015,4,139,,,,,,13,,C.Jones,Ohio St.,BUF,4,139,1,0.0,-0.7074195124284335,-0.7074195124284335,,-0.7074195124284335,-0.7074195124284335,,,13,High
Kevin Hogan,Stanford,2016,2015,5,162,,,,,,14,,K.Hogan,Stanford,KAN,5,162,2,0.0,-0.4857403031757431,-0.4928174177030167,0.0100085513469379,-0.4928174177030167,-0.4786631886484695,,,14,High
Mitchell Trubisky,North Carolina,2017,2016,1,2,,,,,,13,,M.Trubisky,North Carolina,CHI,1,2,12,0.0,-0.1842378169193229,-0.1375972803816052,0.0649240380348819,-0.28675546907035,-0.1096368938430264,,,13,High
Patrick Mahomes,Texas Tech,2017,2016,1,10,,,,,,12,,P.Mahomes,Texas Tech,KAN,1,10,1,0.0,0.1709549461816212,0.1709549461816212,,0.1709549461816212,0.1709549461816212,,,12,Medium
Deshaun Watson,Clemson,2017,2016,1,12,,,,,,15,,D.Watson,Clemson,HOU,1,12,7,0.0,-0.2608106912645114,-0.0377194517988557,0.2203037507578218,-0.5577790634694866,-0.0377194517988557,,,15,High
DeShone Kizer,Notre Dame,2017,2016,2,52,,,,,,12,,D.Kizer,Notre Dame,CLE,2,52,15,0.0,-0.3139972880677403,-0.266158252781785,0.0744626942655992,-0.3904062420357641,-0.0871561129209942,,,12,Medium
C.J. Beathard,Iowa,2017,2016,3,104,,,,,,13,,C.Beathard,Iowa,SFO,3,104,6,0.0,-0.1707394729089748,-0.1421995180177211,0.0925781443603888,-0.2710037087241078,-0.0353267278726682,,,13,High
Nathan Peterman,Pittsburgh,2017,2016,5,171,,,,,,13,,N.Peterman,Pittsburgh,BUF,5,171,5,0.0,-0.2360363846321031,-0.4349038702671576,0.3904219733205055,-0.4851653544901579,0.4541608110838406,,,13,High
Baker Mayfield,Oklahoma,2018,2017,1,1,,,,,,14,,B.Mayfield,Oklahoma,CLE,1,1,14,0.0,0.0164108364982542,0.0835732515220013,0.1067068518290007,-0.1271251622549421,0.2181074211181653,,,14,High
Sam Darnold,USC,2018,2017,1,3,,,,,,14,,S.Darnold,USC,NYJ,1,3,13,0.0,-0.0145699298979516,-0.0116952271717492,0.0710505328405933,-0.0923932098160991,0.193145238944397,,,14,High
Josh Allen,Wyoming,2018,2017,1,7,,,,,,13,,J.Allen,Wyoming,BUF,1,7,12,0.0,-0.1207762878778059,-0.1300433451152344,0.0654715080717807,-0.201921209045198,-0.0094065166967847,,,13,High
Josh Rosen,UCLA,2018,2017,1,10,,,,,,13,,J.Rosen,UCLA,ARI,1,10,14,0.0,-0.2298309272198516,-0.3393928136885026,0.0878790587509586,-0.3393928136885026,-0.0335074528349192,,,13,High
Lamar Jackson,Louisville,2018,2017,1,32,,,,,,13,,L.Jackson,Louisville,BAL,1,32,13,0.0,-0.144389732611673,-0.0523321520049558,0.1542428156961182,-0.4395976804649366,0.0516160532516103,,,13,High
Kyle Lauletta,Richmond,2018,2017,4,108,,,,,,11,,K.Lauletta,Richmond,NYG,4,108,1,0.0,-1.6374914912567635,-1.6374914912567635,,-1.6374914912567635,-1.6374914912567635,,,11,Medium
Kyler Murray,Oklahoma,2019,2018,1,1,,,,,,14,,K.Murray,Oklahoma,ARI,1,1,16,0.0,-0.0663593879443622,-0.041229474459503,0.0506904253965965,-0.1657309538797362,0.0104929579112106,,,14,High
Daniel Jones,Duke,2019,2018,1,6,,,,,,13,,D.Jones,Duke,NYG,1,6,13,0.0,-0.1519505766608283,-0.1427410977345314,0.0766208582168105,-0.22595400157964,-0.001318339298662,,,13,High
Dwayne Haskins,Ohio State,2019,2018,1,15,,,,,,14,,D.Haskins,Ohio St.,WAS,1,15,9,0.0,-0.575462035980848,-0.2757263444291308,0.2052020615869648,-0.9849196877223798,-0.2757263444291308,,,14,High
Drew Lock,Missouri,2019,2018,2,42,,,,,,13,,D.Lock,Missouri,DEN,2,42,5,0.0,0.116720299850732,0.1083338240710337,0.0981300959850462,-0.0281494052874783,0.2479354220940882,,,13,High
Will Grier,West Virginia,2019,2018,3,100,,,,,,12,,W.Grier,West Virginia,CAR,3,100,2,0.0,-0.625739677371351,-0.9735059951877916,0.4918158431925623,-0.9735059951877916,-0.2779733595549106,,,12,Medium
Ryan Finley,NC State,2019,2018,4,104,,,,,,13,,R.Finley,North Carolina St.,CIN,4,104,3,0.0,-0.5851547409654109,-0.5267350207556043,0.0512725168905534,-0.6226846495225791,-0.5267350207556043,,,13,High
Jarrett Stidham,Auburn,2019,2018,4,133,,,,,,13,,J.Stidham,Auburn,NWE,4,133,2,0.0,-1.2896721074958306,-1.2708448397878291,0.0266257773350847,-1.308499375203832,-1.2708448397878291,,,13,High
Gardner Minshew II,Washington St.,2019,2018,6,178,,,,,,0,,G.Minshew II,Washington St.,JAX,6,178,8,0.0,-0.0479133845616439,-0.0498829755443527,0.0177096351107951,-0.069217045744413,-0.017518591041713,,,0,
Joe Burrow,LSU,2020,2019,1,1,,,,,,15,,J.Burrow,LSU,CIN,1,1,10,0.0,0.0169876301729278,0.0464460312720899,0.067775605141711,-0.1403851028617896,0.0997647411521509,,,15,High
Tua Tagovailoa,Alabama,2020,2019,1,5,,,,,,13,,T.Tagovailoa,Alabama,MIA,1,5,10,0.0,-0.0473925558279531,-0.1221697905673052,0.0788629950726209,-0.1426406181034099,0.1227380834218906,,,13,High
Justin Herbert,Oregon,2020,2019,1,6,,,,,,14,,J.Herbert,Oregon,LAC,1,6,15,0.0,0.0573627447931921,0.0926148897445651,0.046222258811854,-0.0546888940679463,0.1065274389617231,,,14,High
Jalen Hurts,Oklahoma,2020,2019,2,53,,,,,,14,,J.Hurts,Oklahoma,PHI,2,53,9,0.0,0.1890527294635663,-0.0331057519562528,0.2678445290119487,-0.0331057519562528,0.8786838401820454,,,14,High
Jake Luton,Oregon State,2020,2019,6,189,,,,,,12,,J.Luton,Oregon St.,JAX,6,189,3,0.0,-0.0634226464190384,-0.2841820984594256,0.2212511559567622,-0.2841820984594256,0.1583169568609856,,,12,Medium
Ben DiNucci,James Madison,2020,2019,7,231,,,,,,16,,B.DiNucci,James Madison,DAL,7,231,2,0.0,-0.4729410404618955,-0.4582258952416941,0.0208103579426985,-0.487656185682097,-0.4582258952416941,,,16,
Trevor Lawrence,Clemson,2021,2020,1,1,,,,,,12,,T.Lawrence,Clemson,JAX,1,1,17,0.0,-0.1398522563381176,-0.1259669319788985,0.0679128280547745,-0.266148626929145,0.071119181900086,,,12,Medium
Zach Wilson,BYU,2021,2020,1,2,,,,,,12,,Z.Wilson,BYU,NYJ,1,2,13,0.0,-0.2679621700216059,-0.2251384276148509,0.0705963664788232,-0.4307728166345931,-0.1977638315700043,,,12,Medium
Trey Lance,North Dakota State,2021,2020,1,3,,,,,,10,,T.Lance,North Dakota St.,SFO,1,3,4,0.0,0.5353609772389583,0.3708353985363855,0.2145925290661551,0.3457260270678573,0.7911970037290358,,,10,Low
Justin Fields,Ohio State,2021,2020,1,11,,,,,,8,,J.Fields,Ohio St.,CHI,1,11,12,0.0,-0.2433074226759889,-0.2352140303408883,0.1323133643943155,-0.4329084067354065,0.1299069488432614,,,8,Low
Mac Jones,Alabama,2021,2020,1,15,,,,,,13,,M.Jones,Alabama,NWE,1,15,18,0.0,-0.011478853988985,0.0379586844497974,0.063117390413302,-0.1487480023851415,0.1328863512400867,,,13,High
Kellen Mond,Texas A&M,2021,2020,3,66,,,,,,10,,K.Mond,Texas A&M,MIN,3,66,1,0.0,-0.5457317529980913,-0.5457317529980913,,-0.5457317529980913,-0.5457317529980913,,,10,Low
Davis Mills,Stanford,2021,2020,3,67,,,,,,6,,D.Mills,Stanford,HOU,3,67,13,0.0,-0.1852126131639208,-0.1573644413578058,0.0889559264157445,-0.3209356673387602,0.049804200283909,,,6,Low
Ian Book,Notre Dame,2021,2020,4,133,,,,,,12,,I.Book,Notre Dame,NOR,4,133,1,0.0,-1.16121555476473,-1.16121555476473,,-1.16121555476473,-1.16121555476473,,,12,Medium
Kenny Pickett,Pittsburgh,2022,2021,1,20,,,,,,14,,K.Pickett,Pittsburgh,PIT,1,20,13,0.0,-0.1545109651395489,-0.1876131423408557,0.0789971454083985,-0.2966966582037609,-0.0274531135446133,,,14,High
Desmond Ridder,Cincinnati,2022,2021,3,74,,,,,,14,,D.Ridder,Cincinnati,ATL,3,74,4,0.0,-0.107405704133691,-0.0235466978970623,0.0776678934014479,-0.2114537023651199,-0.0235466978970623,,,14,High
Malik Willis,Liberty,2022,2021,3,86,,,,,,13,,M.Willis,Liberty,TEN,3,86,6,0.0,-0.4194787990680296,-0.3964534988491202,0.0720444198435107,-0.5218670141432779,-0.3192018965289119,,,13,High
Bailey Zappe,Western Kentucky,2022,2021,4,137,,,,,,14,,B.Zappe,Western Kentucky,NWE,4,137,4,0.0,-0.1165663874797361,-0.040938676818634,0.1580090487702463,-0.3468530721234217,0.0065308371612466,,,14,High
Sam Howell,North Carolina,2022,2021,5,144,,,,,,13,,S.Howell,North Carolina,WAS,5,144,1,0.0,-0.4578595961141502,-0.4578595961141502,,-0.4578595961141502,-0.4578595961141502,,,13,High
Skylar Thompson,Kansas St.,2022,2021,7,247,,,,,,0,,S.Thompson,Kansas St.,MIA,7,247,8,0.0,-0.3596309354903609,-0.4943136776537319,0.2245507737107086,-0.6151826669702591,-0.0056983285943289,,,0,
Brock Purdy,Iowa State,2022,2021,7,262,,,,,,13,,B.Purdy,Iowa St.,SFO,7,262,10,0.0,0.0760626250159369,0.0390257649739643,0.049936238992314,-0.0247364028613209,0.1576688689331909,,,13,High
Bryce Young,Alabama,2023,2022,1,1,,,,,,13,,B.Young,Alabama,CAR,1,1,16,0.0,-0.2895325394428164,-0.2946049075085705,0.0347671439539097,-0.3430506819154013,-0.2091883344692787,,,13,High
C.J. Stroud,Ohio State,2023,2022,1,2,,,,,,13,,C.Stroud,Ohio St.,HOU,1,2,17,0.0,0.0046562043687712,0.0319699523087631,0.0763363978283614,-0.2434226485102652,0.0795817574522242,,,13,High
Anthony Richardson,Florida,2023,2022,1,4,,,,,,13,,A.Richardson,Florida,IND,1,4,4,0.0,0.0087500410717835,0.0934801699190172,0.1389250145820856,-0.1913977087169638,0.1111888690812738,,,13,High
Will Levis,Kentucky,2023,2022,2,33,,,,,,13,,W.Levis,Kentucky,TEN,2,33,9,0.0,-0.0789141912258541,-0.2082099956746135,0.0704821032734603,-0.2082099956746135,0.0594338666926923,,,13,High
Aidan O'Connell,Purdue,2023,2022,4,135,,,,,,14,,A.O'Connell,Purdue,LVR,4,135,11,0.0,-0.101467998656284,-0.0931723495332383,0.0714212325607157,-0.1734849196821039,0.0456980820317867,,,14,High
Clayton Tune,Houston,2023,2022,5,139,,,,,,13,,C.Tune,Houston,ARI,5,139,2,0.0,-1.60240921968794,-1.441367621630512,0.2277472120790512,-1.7634508177453678,-1.441367621630512,,,13,High
Dorian Thompson-Robinson,UCLA,2023,2022,5,140,,,,,,13,,D.Thompson-Robinson,UCLA,CLE,5,140,6,0.0,-0.0391251294052118,0.0531175095676659,0.2242340687978491,-0.3810704462578567,0.3081923121426825,,,13,High
Sean Clifford,Penn State,2023,2022,5,149,,,,,,13,,S.Clifford,Penn St.,GNB,5,149,1,0.0,2.057503431210525,2.057503431210525,,2.057503431210525,2.057503431210525,,,13,High
Jaren Hall,BYU,2023,2022,5,164,,,,,,13,,J.Hall,BYU,MIN,5,164,3,0.0,-0.2987112474474881,-0.3781316433760754,0.3291751673277651,-0.5809103399955562,0.062908241029167,,,13,High
