passer_player_id,passer_player_name,games_10att,games_any,attempts,season
00-0000865,C.Batch,1,2,36,2007
00-0001477,M.Booker,0,1,1,2007
00-0003292,K.Collins,3,6,87,2007
00-0003315,T.Collins,5,5,167,2007
00-0003739,D.Culpepper,7,7,206,2007
00-0004161,J.Delhomme,3,3,90,2007
00-0004293,T.Dilfer,7,7,243,2007
00-0005106,B.Favre,18,18,607,2007
00-0005589,G.Frerotte,4,8,178,2007
00-0005755,J.Garcia,13,14,382,2007
00-0006355,T.Green,4,5,145,2007
00-0006423,B.Griese,7,7,273,2007
00-0007091,M.Hasselbeck,18,18,662,2007
00-0007576,K.Holcomb,3,3,93,2007
00-0007835,D.Huard,11,11,370,2007
00-0008442,B.Johnson,1,1,12,2007
00-0009311,J.Kitna,16,16,611,2007
00-0010346,P.Manning,17,17,585,2007
00-0011022,D.McNabb,14,14,517,2007
00-0011024,S.McNair,6,6,215,2007
00-0016193,V.Testaverde,6,6,182,2007
00-0017200,K.Warner,13,14,468,2007
00-0018272,A.Wright,0,2,7,2007
00-0019041,B.Volek,0,5,16,2007
00-0019559,C.Pennington,9,9,285,2007
00-0019596,T.Brady,19,19,716,2007
00-0019599,M.Bulger,11,12,414,2007
00-0019623,T.Rattay,1,4,27,2007
00-0019709,C.Redman,5,6,158,2007
00-0020305,A.Feeley,3,3,106,2007
00-0020434,C.Weinke,1,1,27,2007
00-0020452,C.Wilson,0,1,1,2007
00-0020480,S.Rosenfels,9,9,246,2007
00-0020531,D.Brees,16,16,669,2007
00-0020536,L.Tomlinson,0,1,1,2007
00-0020565,C.Lemon,9,9,330,2007
00-0020608,D.Carr,5,6,149,2007
00-0020613,Q.Gray,5,7,154,2007
00-0020679,S.Hill,3,3,84,2007
00-0021141,J.Harrington,12,12,380,2007
00-0021179,C.Portis,0,1,2,2007
00-0021190,A.Randle El,0,2,2,2007
00-0021206,J.McCown,9,9,207,2007
00-0021231,D.Garrard,14,14,403,2007
00-0021277,C.Nall,1,1,16,2007
00-0021296,J.O'Sullivan,1,2,28,2007
00-0021306,A.Peterson,0,1,1,2007
00-0021314,C.Taylor,0,1,1,2007
00-0021337,R.Curry,0,1,1,2007
00-0021379,P.Ramsey,1,2,50,2007
00-0021429,C.Palmer,16,16,590,2007
00-0021508,G.Lewis,0,1,1,2007
00-0021678,T.Romo,17,17,583,2007
00-0021976,L.Johnson,0,1,1,2007
00-0022017,M.Scifres,0,1,1,2007
00-0022026,B.Bollinger,3,4,56,2007
00-0022055,S.Wallace,1,4,31,2007
00-0022084,A.Boldin,0,1,1,2007
00-0022121,R.Grossman,7,8,246,2007
00-0022164,K.Boller,10,12,296,2007
00-0022177,B.Leftwich,2,3,64,2007
00-0022217,M.Moore,0,1,1,2007
00-0022250,W.Parker,0,1,1,2007
00-0022590,J.Lorenzen,0,2,9,2007
00-0022736,S.Jackson,0,1,1,2007
00-0022744,J.Sorgi,1,4,38,2007
00-0022787,M.Schaub,10,11,301,2007
00-0022803,E.Manning,20,20,681,2007
00-0022864,L.McCown,4,5,155,2007
00-0022912,J.Losman,6,8,188,2007
00-0022924,B.Roethlisberger,16,16,499,2007
00-0022942,P.Rivers,19,19,570,2007
00-0023060,C.Kluwe,0,1,1,2007
00-0023158,B.Berlin,1,1,28,2007
00-0023176,J.Cribbs,0,1,1,2007
00-0023252,R.Gould,0,1,1,2007
00-0023436,A.Smith,6,7,208,2007
00-0023457,M.Clayton,0,1,1,2007
00-0023459,A.Rodgers,1,2,30,2007
00-0023460,J.Campbell,13,13,436,2007
00-0023502,C.Frye,1,1,15,2007
00-0023504,A.Walter,0,1,8,2007
00-0023541,K.Orton,3,3,82,2007
00-0023645,D.Anderson,16,16,536,2007
00-0023662,M.Cassel,0,3,7,2007
00-0024218,V.Young,16,16,437,2007
00-0024225,M.Leinart,5,5,116,2007
00-0024226,J.Cutler,15,16,492,2007
00-0024264,K.Clemens,9,10,274,2007
00-0024272,D.Hester,0,1,1,2007
00-0024279,T.Jackson,12,12,306,2007
00-0024300,B.Croyle,8,9,239,2007
00-0024318,B.Smith,0,1,1,2007
00-0024332,L.Washington,0,1,1,2007
00-0024334,B.Marshall,0,2,2,2007
00-0024408,B.Gradkowski,1,3,25,2007
00-0024824,M.Gutierrez,0,1,1,2007
00-0025388,J.Russell,2,4,73,2007
00-0025399,M.Lynch,0,1,1,2007
00-0025409,B.Quinn,0,1,8,2007
00-0025423,K.Kolb,0,1,2,2007
00-0025427,J.Beck,4,5,116,2007
00-0025431,S.Rice,0,1,2,2007
00-0025479,T.Edwards,10,10,279,2007
00-0025499,D.Sepulveda,0,1,1,2007
00-0025561,T.Smith,3,4,80,2007
00-0025604,T.Thigpen,0,1,7,2007
00-0025708,M.Moore,5,8,117,2007
00-0002099,I.Bruce,0,1,1,2008
00-0003292,K.Collins,15,17,468,2008
00-0003739,D.Culpepper,5,5,127,2008
00-0004161,J.Delhomme,17,17,470,2008
00-0005091,K.Faulk,0,1,1,2008
00-0005106,B.Favre,16,16,553,2008
00-0005589,G.Frerotte,11,11,329,2008
00-0005755,J.Garcia,12,12,399,2008
00-0006355,T.Green,3,3,78,2008
00-0006423,B.Griese,5,5,192,2008
00-0007091,M.Hasselbeck,7,7,229,2008
00-0007835,D.Huard,4,5,89,2008
00-0008442,B.Johnson,3,3,86,2008
00-0008484,D.Johnson,0,2,2,2008
00-0009311,J.Kitna,4,4,134,2008
00-0010346,P.Manning,16,17,611,2008
00-0010609,B.Maynard,0,1,1,2008
00-0011022,D.McNabb,19,19,716,2008
00-0011626,B.Moorman,0,1,1,2008
00-0016689,M.Turk,0,1,1,2008
00-0017200,K.Warner,20,20,765,2008
00-0019242,D.Looker,0,4,4,2008
00-0019539,D.Hall,0,1,1,2008
00-0019559,C.Pennington,17,17,539,2008
00-0019596,T.Brady,1,1,11,2008
00-0019599,M.Bulger,14,15,480,2008
00-0020405,M.Tuiasosopo,0,2,5,2008
00-0020480,S.Rosenfels,6,6,181,2008
00-0020531,D.Brees,16,16,643,2008
00-0020565,C.Lemon,0,1,2,2008
00-0020608,D.Carr,1,2,13,2008
00-0020613,Q.Gray,0,1,8,2008
00-0020679,S.Hill,9,9,308,2008
00-0021190,A.Randle El,0,4,4,2008
00-0021231,D.Garrard,16,16,576,2008
00-0021296,J.O'Sullivan,8,9,252,2008
00-0021314,C.Taylor,0,1,1,2008
00-0021379,P.Ramsey,0,1,4,2008
00-0021429,C.Palmer,4,4,140,2008
00-0021647,J.Urban,0,1,1,2008
00-0021678,T.Romo,13,13,471,2008
00-0021755,E.Graham,0,1,1,2008
00-0021976,L.Johnson,0,1,1,2008
00-0022005,C.Simms,0,1,3,2008
00-0022026,B.Bollinger,1,2,20,2008
00-0022039,K.Dorsey,3,4,96,2008
00-0022055,S.Wallace,8,9,255,2008
00-0022121,R.Grossman,2,3,65,2008
00-0022127,J.Witten,0,1,1,2008
00-0022177,B.Leftwich,2,6,39,2008
00-0022181,D.Henson,0,2,5,2008
00-0022684,D.Jones,0,1,1,2008
00-0022744,J.Sorgi,1,1,30,2008
00-0022766,P.Crayton,0,1,1,2008
00-0022787,M.Schaub,11,11,399,2008
00-0022803,E.Manning,17,17,536,2008
00-0022912,J.Losman,4,4,116,2008
00-0022924,B.Roethlisberger,19,19,610,2008
00-0022942,P.Rivers,18,18,586,2008
00-0023158,B.Berlin,0,1,2,2008
00-0023158,B.Berlin (3rd QB),0,1,1,2008
00-0023176,J.Cribbs,0,3,4,2008
00-0023310,L.Moore,0,1,1,2008
00-0023437,R.Brown,0,4,4,2008
00-0023457,M.Clayton,0,1,1,2008
00-0023459,A.Rodgers,16,16,567,2008
00-0023460,J.Campbell,16,16,543,2008
00-0023474,M.Bradley,0,1,1,2008
00-0023479,J.Arrington,0,1,1,2008
00-0023502,C.Frye,1,1,26,2008
00-0023504,A.Walter,2,2,53,2008
00-0023534,D.Colquitt,0,1,1,2008
00-0023541,K.Orton,15,15,492,2008
00-0023578,D.Orlovsky,8,10,270,2008
00-0023645,D.Anderson,10,10,300,2008
00-0023662,M.Cassel,15,16,561,2008
00-0023682,R.Fitzpatrick,11,12,409,2008
00-0024218,V.Young,2,3,39,2008
00-0024225,M.Leinart,1,4,31,2008
00-0024226,J.Cutler,16,16,624,2008
00-0024264,K.Clemens,0,1,5,2008
00-0024279,T.Jackson,7,8,199,2008
00-0024300,B.Croyle,2,2,30,2008
00-0024318,B.Smith,0,2,2,2008
00-0024358,M.Hagans,0,1,2,2008
00-0024408,B.Gradkowski,1,2,25,2008
00-0025388,J.Russell,15,15,397,2008
00-0025409,B.Quinn,3,3,90,2008
00-0025423,K.Kolb,1,4,34,2008
00-0025430,D.Stanton,1,3,23,2008
00-0025431,S.Rice,0,1,1,2008
00-0025479,T.Edwards,13,14,397,2008
00-0025487,M.Bush,0,2,3,2008
00-0025561,T.Smith,0,3,5,2008
00-0025592,J.Palmer,0,3,14,2008
00-0025604,T.Thigpen,14,14,445,2008
00-0026143,M.Ryan,17,17,493,2008
00-0026144,D.McFadden,0,1,1,2008
00-0026158,J.Flacco,19,19,539,2008
00-0026182,E.Royal,0,1,1,2008
00-0026189,D.Jackson,0,1,1,2008
00-0026197,C.Henne,1,1,12,2008
00-0026234,K.O'Connell,0,2,7,2008
00-0026296,D.Dixon,0,1,1,2008
00-0026349,M.Flynn,0,1,5,2008
00-0000865,C.Batch,0,1,2,2009
00-0002110,M.Brunell,1,3,31,2009
00-0003292,K.Collins,7,7,222,2009
00-0003315,T.Collins,1,3,25,2009
00-0003739,D.Culpepper,7,8,171,2009
00-0004091,P.Dawson,0,1,1,2009
00-0004161,J.Delhomme,11,11,340,2009
00-0005106,B.Favre,18,18,636,2009
00-0005113,J.Feagles,0,1,1,2009
00-0007091,M.Hasselbeck,14,14,521,2009
00-0008484,D.Johnson,0,1,1,2009
00-0010346,P.Manning,19,19,714,2009
00-0010609,B.Maynard,0,1,1,2009
00-0011022,D.McNabb,15,15,520,2009
00-0011626,B.Moorman,0,2,2,2009
00-0015194,H.Smith,0,2,2,2009
00-0017200,K.Warner,16,17,592,2009
00-0017915,R.Williams,0,1,1,2009
00-0019041,B.Volek,1,2,32,2009
00-0019559,C.Pennington,3,3,78,2009
00-0019596,T.Brady,17,17,629,2009
00-0019599,M.Bulger,7,9,261,2009
00-0019709,C.Redman,3,3,125,2009
00-0020245,M.Vick,0,9,15,2009
00-0020498,R.Wayne,0,1,1,2009
00-0020531,D.Brees,18,18,638,2009
00-0020536,L.Tomlinson,0,1,1,2009
00-0020608,D.Carr,1,6,34,2009
00-0020679,S.Hill,6,6,173,2009
00-0021179,C.Portis,0,1,1,2009
00-0021190,A.Randle El,0,1,1,2009
00-0021206,J.McCown,0,1,7,2009
00-0021216,B.Westbrook,0,1,1,2009
00-0021231,D.Garrard,16,16,555,2009
00-0021296,J.O'Sullivan,1,2,14,2009
00-0021429,C.Palmer,17,17,529,2009
00-0021678,T.Romo,18,18,660,2009
00-0021940,Josh.Brown,0,1,1,2009
00-0022005,C.Simms,1,2,22,2009
00-0022055,S.Wallace,3,9,129,2009
00-0022092,C.Brown,0,1,1,2009
00-0022101,B.St. Pierre,0,1,3,2009
00-0022101,B.St. Pierre (3rd QB),0,1,1,2009
00-0022121,R.Grossman,0,1,9,2009
00-0022164,K.Boller,6,7,192,2009
00-0022177,B.Leftwich,3,3,110,2009
00-0022217,M.Moore,0,1,1,2009
00-0022725,M.Clayton,0,1,1,2009
00-0022787,M.Schaub,16,16,606,2009
00-0022803,E.Manning,16,16,537,2009
00-0022864,L.McCown,0,2,5,2009
00-0022912,J.Losman,0,1,1,2009
00-0022924,B.Roethlisberger,15,15,555,2009
00-0022942,P.Rivers,17,17,550,2009
00-0023176,J.Cribbs,0,3,4,2009
00-0023436,A.Smith,11,11,393,2009
00-0023437,R.Brown,0,4,7,2009
00-0023438,B.Edwards,0,1,1,2009
00-0023457,M.Clayton,0,1,1,2009
00-0023459,A.Rodgers,17,17,639,2009
00-0023460,J.Campbell,16,16,547,2009
00-0023474,M.Bradley,0,1,1,2009
00-0023502,C.Frye,3,3,92,2009
00-0023541,K.Orton,16,16,570,2009
00-0023645,D.Anderson,8,8,192,2009
00-0023662,M.Cassel,15,15,533,2009
00-0023682,R.Fitzpatrick,9,10,248,2009
00-0023742,J.Ryan,0,2,2,2009
00-0023968,M.Spurlock,0,1,1,2009
00-0024110,S.Weatherford,0,1,1,2009
00-0024204,F.Jackson,0,1,1,2009
00-0024218,V.Young,9,12,267,2009
00-0024225,M.Leinart,3,8,88,2009
00-0024226,J.Cutler,16,16,586,2009
00-0024240,S.Holmes,0,1,1,2009
00-0024245,J.Addai,0,1,1,2009
00-0024264,K.Clemens,1,3,29,2009
00-0024279,T.Jackson,0,6,21,2009
00-0024300,B.Croyle,2,3,43,2009
00-0024318,B.Smith,0,2,2,2009
00-0024408,B.Gradkowski,5,7,158,2009
00-0024824,M.Gutierrez,0,1,1,2009
00-0025388,J.Russell,12,12,278,2009
00-0025409,B.Quinn,8,10,275,2009
00-0025423,K.Kolb,3,3,100,2009
00-0025430,D.Stanton,3,3,56,2009
00-0025431,S.Rice,0,1,1,2009
00-0025479,T.Edwards,6,8,205,2009
00-0025487,M.Bush,0,1,1,2009
00-0025559,L.Naanee,0,1,1,2009
00-0025561,T.Smith,0,3,9,2009
00-0025604,T.Thigpen,0,1,8,2009
00-0025672,T.Castille,0,1,1,2009
00-0025708,M.Moore,6,7,148,2009
00-0025970,C.Hanie,0,2,7,2009
00-0026143,M.Ryan,13,14,466,2009
00-0026158,J.Flacco,18,18,580,2009
00-0026164,C.Johnson,0,1,1,2009
00-0026195,R.Rice,0,1,1,2009
00-0026196,B.Brohm,1,1,31,2009
00-0026197,C.Henne,14,14,476,2009
00-0026296,D.Dixon,1,1,26,2009
00-0026300,J.Johnson,5,5,136,2009
00-0026349,M.Flynn,0,4,13,2009
00-0026498,M.Stafford,10,10,395,2009
00-0026625,B.Hoyer,2,3,29,2009
00-0026898,M.Sanchez,18,18,459,2009
00-0026993,J.Freeman,9,10,309,2009
00-0027020,P.White,0,4,6,2009
00-0027103,K.Huber,0,1,1,2009
00-0027131,K.Null,4,4,131,2009
00-0027134,C.Painter,2,2,31,2009
00-0000865,C.Batch,3,3,52,2010
00-0001545,T.Bouman,1,1,35,2010
00-0002110,M.Brunell,1,2,14,2010
00-0003292,K.Collins,10,10,290,2010
00-0003315,T.Collins,2,3,33,2010
00-0004161,J.Delhomme,5,5,154,2010
00-0005106,B.Favre,11,13,381,2010
00-0007091,M.Hasselbeck,15,16,553,2010
00-0009311,J.Kitna,10,10,340,2010
00-0010346,P.Manning,17,17,722,2010
00-0011022,D.McNabb,13,13,508,2010
00-0019041,B.Volek,0,1,1,2010
00-0019559,C.Pennington,0,1,2,2010
00-0019596,T.Brady,17,17,568,2010
00-0019709,C.Redman,0,1,6,2010
00-0020245,M.Vick,12,13,445,2010
00-0020397,C.Ochocinco,0,1,1,2010
00-0020531,D.Brees,17,17,740,2010
00-0020608,D.Carr,1,1,13,2010
00-0020679,Sh.Hill,11,11,424,2010
00-0020679,Shaun.Hill,0,1,8,2010
00-0021190,A.Randle El,0,2,2,2010
00-0021231,D.Garrard,14,14,397,2010
00-0021429,C.Palmer,16,16,609,2010
00-0021678,T.Romo,5,6,220,2010
00-0021755,E.Graham,0,1,1,2010
00-0022017,M.Scifres,0,1,1,2010
00-0022055,S.Wallace,4,5,108,2010
00-0022084,A.Boldin,0,1,1,2010
00-0022101,B.St. Pierre,1,1,31,2010
00-0022121,R.Grossman,3,4,143,2010
00-0022164,K.Boller,0,2,5,2010
00-0022177,B.Leftwich,0,1,9,2010
00-0022766,P.Crayton,0,1,1,2010
00-0022787,M.Schaub,16,16,602,2010
00-0022803,E.Manning,16,16,554,2010
00-0022864,L.McCown,1,1,19,2010
00-0022924,B.Roethlisberger,15,15,511,2010
00-0022942,P.Rivers,16,16,578,2010
00-0023176,J.Cribbs,0,3,3,2010
00-0023436,A.Smith,11,11,364,2010
00-0023437,R.Brown,0,2,2,2010
00-0023459,A.Rodgers,19,19,644,2010
00-0023460,J.Campbell,13,13,360,2010
00-0023541,K.Orton,13,13,530,2010
00-0023544,M.Barber,0,1,1,2010
00-0023645,D.Anderson,11,12,353,2010
00-0023662,M.Cassel,16,16,494,2010
00-0023682,R.Fitzpatrick,13,13,465,2010
00-0023968,M.Spurlock,0,3,3,2010
00-0024218,V.Young,8,9,170,2010
00-0024226,J.Cutler,17,17,532,2010
00-0024264,K.Clemens,0,1,2,2010
00-0024275,M.Jones-Drew,0,1,1,2010
00-0024279,T.Jackson,2,3,65,2010
00-0024296,C.Whitehurst,4,5,106,2010
00-0024300,B.Croyle,1,2,23,2010
00-0024315,M.Robinson,0,1,1,2010
00-0024318,B.Smith,0,3,3,2010
00-0024332,L.Washington,0,2,2,2010
00-0024334,B.Marshall,0,1,1,2010
00-0024408,B.Gradkowski,5,6,168,2010
00-0024417,S.Koch,0,1,1,2010
00-0024812,T.Palko,0,2,8,2010
00-0025423,K.Kolb,6,6,201,2010
00-0025430,D.Stanton,4,6,123,2010
00-0025479,T.Edwards,4,4,112,2010
00-0025486,J.Higgins,0,1,1,2010
00-0025529,S.Breaston,0,2,2,2010
00-0025561,T.Smith,6,6,163,2010
00-0025592,J.Palmer,0,1,5,2010
00-0025604,T.Thigpen,2,4,70,2010
00-0025708,M.Moore,4,6,155,2010
00-0025749,R.Bartel,1,1,30,2010
00-0025970,C.Hanie,1,3,25,2010
00-0025970,C.Hanie (3rd QB),0,1,4,2010
00-0026143,M.Ryan,16,17,584,2010
00-0026143,Ryan,1,1,45,2010
00-0026144,D.McFadden,0,1,1,2010
00-0026158,J.Flacco,18,18,601,2010
00-0026184,M.Forte,0,1,1,2010
00-0026196,B.Brohm,1,1,26,2010
00-0026197,C.Henne,15,15,519,2010
00-0026296,D.Dixon,1,2,37,2010
00-0026300,J.Johnson,0,6,18,2010
00-0026349,M.Flynn,2,5,73,2010
00-0026367,P.Hillis,0,2,2,2010
00-0026491,S.Logan,0,1,1,2010
00-0026498,M.Stafford,3,3,101,2010
00-0026498,M.Stafford (3rd QB),0,1,2,2010
00-0026544,C.Daniel,0,1,3,2010
00-0026625,B.Hoyer,1,2,15,2010
00-0026898,M.Sanchez,18,18,622,2010
00-0026993,J.Freeman,16,16,502,2010
00-0027026,M.Massaquoi,0,1,1,2010
00-0027071,S.McGee,2,2,46,2010
00-0027347,M.Hall,4,6,92,2010
00-0027659,J.Clausen,12,13,331,2010
00-0027681,B.LaFell,0,1,1,2010
00-0027688,C.McCoy,8,8,244,2010
00-0027692,A.Edwards,0,1,1,2010
00-0027754,J.Skelton,4,5,134,2010
00-0027775,R.Smith,1,2,41,2010
00-0027796,J.Webb,3,4,97,2010
00-0027801,T.Pike,0,1,5,2010
00-0027801,T.Pike (3rd QB),0,1,8,2010
00-0027804,L.Brown,0,1,3,2010
00-0027854,S.Bradford,16,16,619,2010
00-0027876,T.Tebow,3,4,87,2010
00-0027880,J.Best,0,1,1,2010
00-0000108,D.Akers,0,1,1,2011
00-0000865,C.Batch,1,3,26,2011
00-0002110,M.Brunell,0,1,3,2011
00-0003292,K.Collins,3,3,101,2011
00-0004161,J.Delhomme,1,1,29,2011
00-0007091,M.Hasselbeck,15,16,532,2011
00-0009311,J.Kitna,1,1,10,2011
00-0011022,D.McNabb,6,6,172,2011
00-0019596,T.Brady,19,19,754,2011
00-0019709,C.Redman,1,4,28,2011
00-0019714,S.Lechler,0,2,2,2011
00-0020245,M.Vick,13,13,441,2011
00-0020305,A.Feeley,3,4,107,2011
00-0020531,D.Brees,18,18,794,2011
00-0020536,L.Tomlinson,0,1,1,2011
00-0020679,Sh.Hill,0,2,3,2011
00-0021206,J.McCown,2,3,62,2011
00-0021429,C.Palmer,10,10,328,2011
00-0021678,T.Romo,15,16,554,2011
00-0022055,S.Wallace,3,5,111,2011
00-0022097,B.Lloyd,0,1,1,2011
00-0022121,R.Grossman,13,13,482,2011
00-0022164,K.Boller,2,2,31,2011
00-0022787,M.Schaub,10,10,306,2011
00-0022803,E.Manning,20,20,788,2011
00-0022864,L.McCown,3,4,60,2011
00-0022912,J.Losman,1,1,15,2011
00-0022924,B.Roethlisberger,16,16,596,2011
00-0022942,P.Rivers,16,16,610,2011
00-0023176,J.Cribbs,0,1,1,2011
00-0023436,A.Smith,2,2,50,2011
00-0023436,Ale.Smith,0,1,4,2011
00-0023436,Alex Smith,16,16,508,2011
00-0023459,A.Rodgers,16,16,566,2011
00-0023460,J.Campbell,5,6,171,2011
00-0023541,K.Orton,8,9,261,2011
00-0023578,D.Orlovsky,6,8,204,2011
00-0023662,M.Cassel,9,9,290,2011
00-0023682,R.Fitzpatrick,16,16,585,2011
00-0023968,M.Spurlock,0,1,1,2011
00-0024218,V.Young,3,5,122,2011
00-0024225,M.Leinart,1,1,13,2011
00-0024226,J.Cutler,10,10,337,2011
00-0024264,K.Clemens,3,3,100,2011
00-0024279,T.Jackson,15,15,490,2011
00-0024294,J.Norwood,0,1,1,2011
00-0024296,C.Whitehurst,2,3,64,2011
00-0024318,B.Smith,0,2,2,2011
00-0024408,B.Gradkowski,1,2,19,2011
00-0024812,T.Palko,4,6,143,2011
00-0025399,M.Lynch,0,1,2,2011
00-0025423,K.Kolb,8,9,283,2011
00-0025427,J.Beck,4,4,149,2011
00-0025431,S.Rice,0,1,1,2011
00-0025488,A.Podlesh,0,1,1,2011
00-0025499,D.Sepulveda,0,1,1,2011
00-0025559,L.Naanee,0,1,1,2011
00-0025604,T.Thigpen,0,2,8,2011
00-0025708,M.Moore,13,13,384,2011
00-0025749,R.Bartel,1,2,23,2011
00-0025970,C.Hanie,4,4,118,2011
00-0026143,M.Ryan,16,17,629,2011
00-0026158,J.Flacco,18,18,644,2011
00-0026184,M.Forte,0,1,1,2011
00-0026195,R.Rice,0,1,1,2011
00-0026197,C.Henne,3,4,123,2011
00-0026300,J.Johnson,1,5,39,2011
00-0026349,M.Flynn,1,5,54,2011
00-0026498,M.Stafford,17,17,757,2011
00-0026516,B.Colquitt,0,1,1,2011
00-0026544,C.Daniel,0,3,5,2011
00-0026625,B.Hoyer,0,1,1,2011
00-0026898,M.Sanchez,16,16,579,2011
00-0026941,B.Scott,0,1,1,2011
00-0026993,J.Freeman,15,15,578,2011
00-0027071,S.McGee,1,1,41,2011
00-0027121,T.Brandstater,0,1,2,2011
00-0027134,C.Painter,9,9,260,2011
00-0027618,B.Banks,0,1,1,2011
00-0027685,E.Sanders,0,1,1,2011
00-0027688,C.McCoy,13,13,494,2011
00-0027690,E.Decker,0,1,1,2011
00-0027692,A.Edwards,0,1,1,2011
00-0027722,M.Kafka,0,2,17,2011
00-0027754,J.Skelton,8,8,297,2011
00-0027796,J.Webb,2,6,66,2011
00-0027854,S.Bradford,10,10,392,2011
00-0027874,D.Thomas,0,1,1,2011
00-0027876,T.Tebow,13,14,354,2011
00-0027939,C.Newton,16,16,551,2011
00-0027946,J.Locker,3,5,70,2011
00-0027948,B.Gabbert,14,15,452,2011
00-0027950,C.Ponder,11,11,320,2011
00-0027973,A.Dalton,17,17,587,2011
00-0027974,C.Kaepernick,0,2,5,2011
00-0028002,R.Cobb,0,1,1,2011
00-0028090,T.Yates,7,8,203,2011
00-0028091,J.Kerley,0,1,1,2011
00-0028118,T.Taylor,0,1,3,2011
00-0028427,C.Henry,0,1,1,2011
00-0000865,C.Batch,2,2,73,2012
00-0007091,M.Hasselbeck,7,8,236,2012
00-0010346,P.Manning,17,17,648,2012
00-0019310,R.Lindell,0,1,1,2012
00-0019596,T.Brady,18,18,755,2012
00-0019714,S.Lechler,0,1,1,2012
00-0020245,M.Vick,9,10,377,2012
00-0020531,D.Brees,16,16,693,2012
00-0020608,D.Carr,0,2,4,2012
00-0020679,Sh.Hill,1,1,12,2012
00-0021429,C.Palmer,14,15,590,2012
00-0021678,T.Romo,16,16,683,2012
00-0022177,B.Leftwich,2,2,56,2012
00-0022787,M.Schaub,18,18,660,2012
00-0022803,E.Manning,16,16,555,2012
00-0022924,B.Roethlisberger,13,13,475,2012
00-0022942,P.Rivers,16,16,574,2012
00-0023436,A.Smith,9,10,242,2012
00-0023459,A.Rodgers,18,18,679,2012
00-0023460,J.Campbell,2,4,57,2012
00-0023534,D.Colquitt,0,1,1,2012
00-0023541,K.Orton,1,1,11,2012
00-0023578,D.Orlovsky,0,1,7,2012
00-0023645,D.Anderson,0,2,4,2012
00-0023662,M.Cassel,9,9,289,2012
00-0023682,R.Fitzpatrick,16,16,533,2012
00-0023853,M.Prater,0,1,1,2012
00-0024225,M.Leinart,1,2,34,2012
00-0024226,J.Cutler,15,15,473,2012
00-0024264,K.Clemens,0,2,3,2012
00-0024318,B.Smith,0,1,1,2012
00-0024408,B.Gradkowski,1,1,11,2012
00-0025409,B.Quinn,8,10,218,2012
00-0025423,K.Kolb,5,6,210,2012
00-0025431,S.Rice,0,2,2,2012
00-0025479,T.Edwards,0,1,2,2012
00-0025604,T.Thigpen,0,1,5,2012
00-0025612,B.Fields,0,1,1,2012
00-0025708,Matt.Moore,1,2,21,2012
00-0026143,M.Ryan,18,18,722,2012
00-0026158,J.Flacco,19,20,699,2012
00-0026197,C.Henne,9,10,334,2012
00-0026300,J.Johnson,0,1,1,2012
00-0026314,J.Morgan,0,1,1,2012
00-0026349,M.Flynn,0,1,9,2012
00-0026367,P.Hillis,0,1,1,2012
00-0026498,M.Stafford,16,16,753,2012
00-0026544,C.Daniel,0,1,1,2012
00-0026625,B.Hoyer,2,2,57,2012
00-0026664,T.Masthay,0,2,2,2012
00-0026898,M.Sanchez,15,15,486,2012
00-0026993,J.Freeman,16,16,586,2012
00-0027253,T.Lewis,1,1,35,2012
00-0027602,G.Harrell,0,2,4,2012
00-0027685,E.Sanders,0,1,1,2012
00-0027688,C.McCoy,1,1,21,2012
00-0027692,A.Edwards,0,1,1,2012
00-0027702,M.Williams,0,1,1,2012
00-0027754,J.Skelton,5,7,215,2012
00-0027775,R.Smith,0,1,5,2012
00-0027793,A.Brown,0,2,2,2012
00-0027796,J.Webb,1,1,32,2012
00-0027854,S.Bradford,16,16,584,2012
00-0027876,T.Tebow,0,7,10,2012
00-0027891,G.Tate,0,1,1,2012
00-0027912,D.Alexander,0,1,1,2012
00-0027939,C.Newton,16,16,519,2012
00-0027946,J.Locker,10,11,339,2012
00-0027948,B.Gabbert,9,10,304,2012
00-0027950,C.Ponder,16,16,517,2012
00-0027973,A.Dalton,17,17,603,2012
00-0027974,C.Kaepernick,11,14,320,2012
00-0028012,R.Mallett,0,2,4,2012
00-0028053,K.Hunter,0,1,1,2012
00-0028090,T.Yates,0,3,11,2012
00-0028091,J.Kerley,0,1,1,2012
00-0028118,T.Taylor,1,3,32,2012
00-0028146,G.McElroy,1,2,42,2012
00-0028825,T.Pryor,1,3,30,2012
00-0028872,J.Hekker,0,2,3,2012
00-0029263,R.Wilson,18,18,496,2012
00-0029531,R.Lindley,6,6,183,2012
00-0029567,N.Foles,7,7,286,2012
00-0029604,K.Cousins,3,4,61,2012
00-0029608,T.Hilton,0,1,1,2012
00-0029632,M.Sanu,0,1,1,2012
00-0029665,R.Griffin,16,16,442,2012
00-0029668,A.Luck,17,17,718,2012
00-0029677,B.Weeden,15,15,544,2012
00-0029682,B.Osweiler,0,1,4,2012
00-0029701,R.Tannehill,15,16,519,2012
00-0007091,M.Hasselbeck,0,3,12,2013
00-0010346,P.Manning,19,19,807,2013
00-0019596,T.Brady,18,18,733,2013
00-0020245,M.Vick,6,6,156,2013
00-0020531,D.Brees,18,18,761,2013
00-0021206,J.McCown,7,8,236,2013
00-0021429,C.Palmer,16,16,614,2013
00-0021488,M.McBriar,0,1,1,2013
00-0021678,T.Romo,15,15,571,2013
00-0022055,S.Wallace,1,2,28,2013
00-0022084,A.Boldin,0,1,1,2013
00-0022787,M.Schaub,10,10,379,2013
00-0022803,E.Manning,16,16,590,2013
00-0022824,A.Lee,0,1,1,2013
00-0022864,L.McCown,0,1,1,2013
00-0022921,L.Fitzgerald,0,1,1,2013
00-0022924,B.Roethlisberger,16,16,621,2013
00-0022942,P.Rivers,18,18,621,2013
00-0023176,J.Cribbs,0,2,3,2013
00-0023234,M.Koenen,0,2,2,2013
00-0023436,A.Smith,16,16,591,2013
00-0023459,A.Rodgers,9,10,341,2013
00-0023460,J.Campbell,8,9,332,2013
00-0023541,K.Orton,1,2,52,2013
00-0023662,M.Cassel,8,9,271,2013
00-0023682,R.Fitzpatrick,10,11,368,2013
00-0024226,J.Cutler,10,11,373,2013
00-0024264,K.Clemens,9,10,264,2013
00-0024275,M.Jones-Drew,0,1,1,2013
00-0024279,T.Jackson,0,4,14,2013
00-0024318,B.Smith,0,1,1,2013
00-0025708,Mat.Moore,0,1,6,2013
00-0026143,M.Ryan,16,16,694,2013
00-0026144,D.McFadden,0,1,1,2013
00-0026158,J.Flacco,16,16,663,2013
00-0026197,C.Henne,14,15,542,2013
00-0026349,M.Flynn,6,7,227,2013
00-0026393,M.Reece,0,1,1,2013
00-0026498,M.Stafford,16,16,659,2013
00-0026544,C.Daniel,1,3,40,2013
00-0026625,B.Hoyer,2,3,102,2013
00-0026993,J.Freeman,4,4,155,2013
00-0027134,C.Painter,0,3,17,2013
00-0027253,T.Lewis,5,5,175,2013
00-0027688,C.McCoy,0,1,1,2013
00-0027770,S.Schillinger,0,1,1,2013
00-0027793,A.Brown,0,1,2,2013
00-0027854,S.Bradford,7,7,277,2013
00-0027939,C.Newton,17,17,543,2013
00-0027943,P.Peterson,0,2,2,2013
00-0027946,J.Locker,6,7,198,2013
00-0027948,B.Gabbert,3,3,98,2013
00-0027950,C.Ponder,9,9,266,2013
00-0027973,A.Dalton,17,17,667,2013
00-0027974,C.Kaepernick,19,19,543,2013
00-0028064,B.Powell,0,1,1,2013
00-0028090,T.Yates,1,2,24,2013
00-0028091,J.Kerley,0,1,1,2013
00-0028118,T.Taylor,0,2,5,2013
00-0028347,S.Lanning,0,1,1,2013
00-0028595,S.Tolzien,3,3,91,2013
00-0028825,T.Pryor,9,11,302,2013
00-0028863,Dom.Davis,0,1,8,2013
00-0028872,J.Hekker,0,1,1,2013
00-0028986,C.Keenum,8,8,269,2013
00-0029143,J.Bush,0,1,1,2013
00-0029151,M.Simms,1,3,35,2013
00-0029263,R.Wilson,19,19,525,2013
00-0029384,B.Rainey,0,1,1,2013
00-0029567,N.Foles,12,14,385,2013
00-0029604,K.Cousins,4,5,160,2013
00-0029632,M.Sanu,0,1,1,2013
00-0029665,R.Griffin,13,13,495,2013
00-0029668,A.Luck,18,18,698,2013
00-0029677,B.Weeden,7,8,294,2013
00-0029682,B.Osweiler,1,2,18,2013
00-0029701,R.Tannehill,16,16,643,2013
00-0030024,J.Tuel,2,2,61,2013
00-0030391,M.James,0,1,1,2013
00-0030419,M.McGloin,7,7,217,2013
00-0030520,M.Glennon,13,13,456,2013
00-0030525,T.Austin,0,1,1,2013
00-0030526,E.Manuel,10,10,335,2013
00-0030533,M.Barkley,2,3,52,2013
00-0030547,D.Robinson,0,1,1,2013
00-0030550,A.Sanders,0,1,1,2013
00-0030565,G.Smith,16,16,485,2013
00-0007091,M.Hasselbeck,2,3,46,2014
00-0010346,P.Manning,17,17,661,2014
00-0019596,T.Brady,19,19,743,2014
00-0019714,S.Lechler,0,1,1,2014
00-0020245,M.Vick,5,7,139,2014
00-0020531,D.Brees,16,16,683,2014
00-0020679,S.Hill,8,8,247,2014
00-0021206,J.McCown,11,11,359,2014
00-0021429,C.Palmer,6,6,234,2014
00-0021678,T.Romo,17,17,523,2014
00-0022084,A.Boldin,0,1,1,2014
00-0022787,M.Schaub,1,2,13,2014
00-0022803,E.Manning,16,16,628,2014
00-0022824,A.Lee,0,1,1,2014
00-0022924,B.Roethlisberger,17,17,686,2014
00-0022942,P.Rivers,16,16,605,2014
00-0023436,A.Smith,15,15,511,2014
00-0023459,A.Rodgers,18,18,623,2014
00-0023460,J.Campbell,0,4,20,2014
00-0023534,D.Colquitt,0,1,1,2014
00-0023541,K.Orton,12,12,479,2014
00-0023645,D.Anderson,2,5,101,2014
00-0023662,M.Cassel,3,3,77,2014
00-0023682,R.Fitzpatrick,11,12,332,2014
00-0023742,J.Ryan,0,1,1,2014
00-0024204,F.Jackson,0,1,1,2014
00-0024226,J.Cutler,15,15,603,2014
00-0024264,K.Clemens,0,1,4,2014
00-0024279,T.Jackson,0,1,1,2014
00-0024296,C.Whitehurst,7,7,200,2014
00-0024408,B.Gradkowski,0,1,3,2014
00-0025396,T.Ginn,0,1,1,2014
00-0025424,E.Weddle,0,1,1,2014
00-0025430,D.Stanton,8,9,252,2014
00-0025592,J.Palmer,0,1,3,2014
00-0025708,M.Moore,0,1,4,2014
00-0026143,M.Ryan,16,16,655,2014
00-0026144,D.McFadden,0,1,1,2014
00-0026158,J.Flacco,18,18,643,2014
00-0026197,C.Henne,3,3,94,2014
00-0026345,P.Garcon,0,1,1,2014
00-0026349,M.Flynn,0,6,18,2014
00-0026498,M.Stafford,17,17,691,2014
00-0026544,C.Daniel,1,2,32,2014
00-0026625,B.Hoyer,14,14,462,2014
00-0026796,A.Foster,0,1,1,2014
00-0026898,M.Sanchez,9,9,332,2014
00-0026901,M.Wallace,0,1,1,2014
00-0027114,T.Morstead,0,1,1,2014
00-0027145,P.McAfee,0,1,1,2014
00-0027150,J.Edelman,0,1,1,2014
00-0027659,J.Clausen,1,4,51,2014
00-0027688,C.McCoy,4,5,145,2014
00-0027793,A.Brown,0,2,2,2014
00-0027939,C.Newton,16,16,556,2014
00-0027946,J.Locker,7,7,160,2014
00-0027948,B.Gabbert,0,1,7,2014
00-0027950,C.Ponder,1,1,50,2014
00-0027973,A.Dalton,17,17,541,2014
00-0027974,C.Kaepernick,16,16,530,2014
00-0028012,R.Mallett,2,2,74,2014
00-0028052,C.Shorts,0,2,2,2014
00-0028090,T.Yates,0,1,4,2014
00-0028091,J.Kerley,0,1,1,2014
00-0028872,J.Hekker,0,3,3,2014
00-0028954,R.Golden,0,1,1,2014
00-0028957,A.Davis,9,9,311,2014
00-0028986,C.Keenum,2,2,80,2014
00-0029151,M.Simms,0,1,8,2014
00-0029159,J.Kearse,0,1,1,2014
00-0029263,R.Wilson,19,19,577,2014
00-0029384,B.Rainey,0,1,1,2014
00-0029493,R.Quigley,0,1,1,2014
00-0029531,R.Lindley,4,4,131,2014
00-0029567,N.Foles,8,8,319,2014
00-0029604,K.Cousins,6,6,212,2014
00-0029632,M.Sanu,0,4,4,2014
00-0029664,J.Gordon,0,1,1,2014
00-0029665,R.Griffin,7,9,247,2014
00-0029668,A.Luck,19,19,766,2014
00-0029677,B.Weeden,1,4,42,2014
00-0029682,B.Osweiler,0,4,10,2014
00-0029692,B.Anger,0,1,1,2014
00-0029701,R.Tannehill,16,16,635,2014
00-0030092,S.Martin,0,1,2,2014
00-0030142,B.Wing,0,2,2,2014
00-0030419,M.McGloin,1,1,20,2014
00-0030520,M.Glennon,6,6,218,2014
00-0030526,E.Manuel,4,4,136,2014
00-0030533,M.Barkley,0,1,1,2014
00-0030547,D.Robinson,0,1,1,2014
00-0030565,G.Smith,13,14,397,2014
00-0030586,R.Nassib,0,1,7,2014
00-0030661,C.Shaw,1,1,32,2014
00-0030999,M.Grice,0,1,1,2014
00-0031064,T.Savage,1,1,20,2014
00-0031235,O.Beckham,0,1,1,2014
00-0031237,T.Bridgewater,13,13,438,2014
00-0031260,L.Thomas,1,2,11,2014
00-0031266,Z.Mettenberger,6,7,197,2014
00-0031280,D.Carr,16,16,617,2014
00-0031345,J.Garoppolo,1,3,32,2014
00-0031407,B.Bortles,14,14,533,2014
00-0031409,J.Manziel,1,4,38,2014
00-0007091,M.Hasselbeck,8,8,272,2015
00-0010346,P.Manning,13,13,449,2015
00-0019596,T.Brady,18,18,763,2015
00-0020245,M.Vick,2,4,75,2015
00-0020531,D.Brees,15,15,657,2015
00-0020679,S.Hill,0,2,8,2015
00-0021206,J.McCown,7,8,319,2015
00-0021429,C.Palmer,18,18,643,2015
00-0021678,T.Romo,4,4,127,2015
00-0022787,M.Schaub,2,2,83,2015
00-0022803,E.Manning,16,16,644,2015
00-0022864,L.McCown,1,2,41,2015
00-0022921,L.Fitzgerald,0,1,1,2015
00-0022924,B.Roethlisberger,14,14,572,2015
00-0022942,P.Rivers,16,16,703,2015
00-0023436,A.Smith,18,18,593,2015
00-0023459,A.Rodgers,18,18,705,2015
00-0023534,D.Colquitt,0,1,1,2015
00-0023578,D.Orlovsky,1,2,40,2015
00-0023645,D.Anderson,0,1,6,2015
00-0023662,M.Cassel,7,8,217,2015
00-0023682,R.Fitzpatrick,15,16,581,2015
00-0024226,J.Cutler,14,15,514,2015
00-0024264,K.Clemens,0,1,6,2015
00-0024279,T.Jackson,0,3,7,2015
00-0024296,C.Whitehurst,2,4,37,2015
00-0024417,S.Koch,0,1,1,2015
00-0025396,T.Ginn,0,1,1,2015
00-0025430,D.Stanton,1,5,27,2015
00-0025708,M.Moore,0,1,1,2015
00-0026035,D.Amendola,0,1,1,2015
00-0026143,M.Ryan,16,16,646,2015
00-0026144,D.McFadden,0,1,1,2015
00-0026158,J.Flacco,10,10,428,2015
00-0026498,M.Stafford,16,16,637,2015
00-0026544,C.Daniel,0,1,2,2015
00-0026625,B.Hoyer,12,12,432,2015
00-0026898,M.Sanchez,3,3,100,2015
00-0026993,Jo.Freeman,1,1,29,2015
00-0026995,J.Maclin,0,1,1,2015
00-0027595,B.Walters,0,1,1,2015
00-0027659,J.Clausen,4,4,132,2015
00-0027688,C.McCoy,1,1,12,2015
00-0027793,A.Brown,0,1,1,2015
00-0027816,M.Mariani,0,1,1,2015
00-0027854,S.Bradford,14,14,559,2015
00-0027939,C.Newton,19,19,626,2015
00-0027948,B.Gabbert,8,8,307,2015
00-0027973,A.Dalton,12,13,406,2015
00-0027974,C.Kaepernick,8,9,274,2015
00-0028012,R.Mallett,7,7,249,2015
00-0028052,C.Shorts III,0,1,1,2015
00-0028090,T.Yates,3,4,62,2015
00-0028118,T.Taylor,14,14,418,2015
00-0028237,C.Hogan,0,1,1,2015
00-0028595,S.Tolzien,0,1,2,2015
00-0028872,J.Hekker,0,4,4,2015
00-0028957,A.Davis,3,3,105,2015
00-0028986,C.Keenum,5,5,129,2015
00-0029205,T.Cadet,0,1,1,2015
00-0029234,K.Moore,3,3,109,2015
00-0029263,R.Wilson,18,18,608,2015
00-0029510,J.Grimes,0,1,1,2015
00-0029531,R.Lindley,1,1,10,2015
00-0029567,N.Foles,11,11,350,2015
00-0029604,K.Cousins,17,17,624,2015
00-0029623,A.Tanney,1,1,17,2015
00-0029668,A.Luck,7,7,308,2015
00-0029677,B.Weeden,5,6,149,2015
00-0029682,B.Osweiler,8,8,298,2015
00-0029701,R.Tannehill,16,16,631,2015
00-0030120,B.Daniels,0,1,2,2015
00-0030419,M.McGloin,1,2,35,2015
00-0030524,L.Jones,2,6,64,2015
00-0030526,E.Manuel,2,2,89,2015
00-0030565,G.Smith,1,1,45,2015
00-0030569,S.Renfree,0,1,9,2015
00-0030586,R.Nassib,0,1,5,2015
00-0030789,A.Andrews,0,1,1,2015
00-0031203,C.Santos,0,1,1,2015
00-0031237,T.Bridgewater,17,17,518,2015
00-0031266,Z.Mettenberger,5,6,179,2015
00-0031280,D.Carr,16,16,605,2015
00-0031288,A.McCarron,5,7,175,2015
00-0031345,J.Garoppolo,0,1,4,2015
00-0031382,J.Landry,0,1,1,2015
00-0031407,B.Bortles,16,16,659,2015
00-0031409,J.Manziel,7,9,241,2015
00-0031503,J.Winston,16,16,563,2015
00-0031941,J.Crowder,0,1,1,2015
00-0032245,S.Mannion,0,1,7,2015
00-0032268,M.Mariota,11,12,408,2015
00-0019596,T.Brady,15,15,599,2016
00-0020531,D.Brees,16,16,695,2016
00-0020679,S.Hill,1,3,36,2016
00-0021206,J.McCown,5,5,183,2016
00-0021429,C.Palmer,15,15,639,2016
00-0021678,T.Romo,0,1,4,2016
00-0022787,M.Schaub,0,2,3,2016
00-0022803,E.Manning,17,17,665,2016
00-0022921,L.Fitzgerald,0,1,1,2016
00-0022924,B.Roethlisberger,17,17,631,2016
00-0022942,P.Rivers,16,16,615,2016
00-0023436,A.Smith,16,16,554,2016
00-0023459,A.Rodgers,19,19,783,2016
00-0023645,D.Anderson,2,4,54,2016
00-0023662,M.Cassel,2,3,54,2016
00-0023682,R.Fitzpatrick,14,14,422,2016
00-0023742,J.Ryan,0,1,1,2016
00-0024226,J.Cutler,5,5,154,2016
00-0024264,K.Clemens,0,1,1,2016
00-0024296,C.Whitehurst,1,1,27,2016
00-0025430,D.Stanton,2,5,48,2016
00-0025708,M.Moore,4,5,129,2016
00-0025825,B.Kern,0,1,1,2016
00-0026143,M.Ryan,19,19,680,2016
00-0026158,J.Flacco,16,16,703,2016
00-0026498,M.Stafford,17,17,665,2016
00-0026544,C.Daniel,0,1,1,2016
00-0026625,B.Hoyer,6,6,202,2016
00-0026898,M.Sanchez,1,2,21,2016
00-0026995,J.Maclin,0,1,1,2016
00-0027145,P.McAfee,0,1,1,2016
00-0027150,J.Edelman,0,1,1,2016
00-0027854,S.Bradford,15,15,590,2016
00-0027902,D.Bryant,0,1,1,2016
00-0027939,C.Newton,15,15,547,2016
00-0027948,B.Gabbert,6,6,171,2016
00-0027973,A.Dalton,16,16,602,2016
00-0027974,C.Kaepernick,11,11,366,2016
00-0028009,D.Murray,0,2,2,2016
00-0028012,R.Mallett,0,3,6,2016
00-0028118,T.Taylor,15,15,478,2016
00-0028434,D.Baldwin,0,1,1,2016
00-0028595,S.Tolzien,1,2,40,2016
00-0028825,T.Pryor,0,3,10,2016
00-0028872,J.Hekker,0,2,2,2016
00-0028986,C.Keenum,9,10,345,2016
00-0029000,C.Beasley,0,1,1,2016
00-0029263,R.Wilson,18,18,653,2016
00-0029269,T.Benjamin,0,1,1,2016
00-0029567,N.Foles,2,2,59,2016
00-0029597,J.Tucker,0,1,1,2016
00-0029604,K.Cousins,16,16,628,2016
00-0029665,R.Griffin,5,5,169,2016
00-0029668,A.Luck,15,15,586,2016
00-0029682,B.Osweiler,17,17,602,2016
00-0029688,D.Poe,0,1,1,2016
00-0029701,R.Tannehill,13,13,418,2016
00-0030140,T.Way,0,1,1,2016
00-0030419,M.McGloin,1,3,15,2016
00-0030496,L.Bell,0,1,1,2016
00-0030520,M.Glennon,1,1,12,2016
00-0030524,L.Jones,2,4,89,2016
00-0030526,E.Manuel,1,5,30,2016
00-0030533,M.Barkley,7,7,222,2016
00-0030565,G.Smith,1,2,17,2016
00-0030663,W.Snead,0,1,1,2016
00-0030990,J.Huff,0,1,1,2016
00-0031064,T.Savage,2,3,78,2016
00-0031076,D.Fales,0,1,6,2016
00-0031235,O.Beckham,0,1,1,2016
00-0031280,D.Carr,15,15,580,2016
00-0031345,J.Garoppolo,2,6,66,2016
00-0031376,J.McKinnon,0,1,1,2016
00-0031382,J.Landry,0,1,1,2016
00-0031407,B.Bortles,16,16,660,2016
00-0031431,M.Lee,0,1,1,2016
00-0031503,J.Winston,16,16,607,2016
00-0031568,B.Petty,4,6,146,2016
00-0031589,B.Hundley,0,4,10,2016
00-0031912,C.Meredith,0,1,1,2016
00-0032156,T.Siemian,14,14,518,2016
00-0032245,S.Mannion,0,1,6,2016
00-0032257,D.Johnson Jr.,0,1,1,2016
00-0032268,M.Mariota,15,15,475,2016
00-0032406,A.Morrison,0,1,1,2016
00-0032462,T.Boykin,0,3,19,2016
00-0032475,T.McEvoy,0,1,1,2016
00-0032784,K.Hogan,1,2,28,2016
00-0032893,C.Cook,2,2,72,2016
00-0032943,R.Dixon,0,1,1,2016
00-0032950,C.Wentz,16,16,641,2016
00-0033077,D.Prescott,16,17,523,2016
00-0033098,C.Jones,1,1,12,2016
00-0033104,C.Kessler,7,9,217,2016
00-0033106,J.Goff,7,7,230,2016
00-0033108,P.Lynch,3,3,91,2016
00-0033111,P.Cooper,0,1,1,2016
00-0033119,J.Brissett,3,3,61,2016
00-0019596,T.Brady,19,19,759,2017
00-0020531,D.Brees,18,18,629,2017
00-0021206,J.McCown,13,13,432,2017
00-0021429,C.Palmer,7,7,290,2017
00-0022803,E.Manning,15,15,607,2017
00-0022921,L.Fitzgerald,0,1,1,2017
00-0022924,B.Roethlisberger,16,16,642,2017
00-0022942,P.Rivers,16,16,592,2017
00-0023436,A.Smith,16,16,577,2017
00-0023459,A.Rodgers,6,7,261,2017
00-0023645,D.Anderson,0,3,9,2017
00-0023662,M.Cassel,2,2,50,2017
00-0023682,R.Fitzpatrick,5,6,172,2017
00-0023742,J.Ryan,0,1,1,2017
00-0024226,J.Cutler,13,14,449,2017
00-0024264,K.Clemens,0,2,8,2017
00-0024417,S.Koch,0,2,2,2017
00-0025430,D.Stanton,5,5,166,2017
00-0025708,M.Moore,4,4,138,2017
00-0026035,D.Amendola,0,2,2,2017
00-0026143,M.Ryan,18,18,622,2017
00-0026158,J.Flacco,16,16,574,2017
00-0026197,C.Henne,0,1,2,2017
00-0026498,M.Stafford,16,16,615,2017
00-0026625,B.Hoyer,6,8,228,2017
00-0027690,E.Decker,0,1,1,2017
00-0027796,J.Webb,0,2,7,2017
00-0027854,S.Bradford,2,2,48,2017
00-0027891,G.Tate,0,1,1,2017
00-0027939,C.Newton,17,17,571,2017
00-0027948,B.Gabbert,5,5,194,2017
00-0027973,A.Dalton,16,16,534,2017
00-0027994,S.Vereen,0,1,1,2017
00-0028002,R.Cobb,0,1,1,2017
00-0028012,R.Mallett,0,2,17,2017
00-0028090,T.Yates,4,4,111,2017
00-0028118,T.Taylor,16,16,505,2017
00-0028595,S.Tolzien,1,1,22,2017
00-0028872,J.Hekker,0,3,3,2017
00-0028954,R.Golden,0,1,1,2017
00-0028986,C.Keenum,17,17,595,2017
00-0029263,R.Wilson,16,16,597,2017
00-0029304,B.Nortman,0,1,2,2017
00-0029493,R.Quigley,0,1,1,2017
00-0029567,N.Foles,7,9,216,2017
00-0029604,K.Cousins,16,16,581,2017
00-0029632,M.Sanu,0,1,1,2017
00-0029682,B.Osweiler,5,6,182,2017
00-0029878,M.Gray,0,1,1,2017
00-0030151,T.Bray,0,1,1,2017
00-0030506,T.Kelce,0,1,1,2017
00-0030520,M.Glennon,4,4,148,2017
00-0030524,L.Jones,1,2,31,2017
00-0030526,E.Manuel,2,2,47,2017
00-0030565,G.Smith,1,2,39,2017
00-0030663,W.Snead,0,1,1,2017
00-0030710,T.Burton,0,1,1,2017
00-0031064,T.Savage,7,8,243,2017
00-0031076,D.Fales,1,2,45,2017
00-0031079,P.O'Donnell,0,1,1,2017
00-0031237,T.Bridgewater,0,1,2,2017
00-0031280,D.Carr,15,15,537,2017
00-0031288,A.McCarron,0,2,15,2017
00-0031345,J.Garoppolo,5,6,184,2017
00-0031363,M.Palardy,0,1,1,2017
00-0031382,J.Landry,0,1,1,2017
00-0031407,B.Bortles,19,19,639,2017
00-0031431,M.Lee,0,1,1,2017
00-0031503,J.Winston,13,13,474,2017
00-0031568,B.Petty,3,4,121,2017
00-0031589,B.Hundley,10,11,346,2017
00-0031800,T.Heinicke,0,1,2,2017
00-0032156,T.Siemian,11,11,384,2017
00-0032245,S.Mannion,1,3,40,2017
00-0032268,M.Mariota,17,17,560,2017
00-0032431,J.Rudock,0,1,5,2017
00-0032449,L.Edwards,0,1,1,2017
00-0032475,T.McEvoy,0,1,1,2017
00-0032630,J.Callahan,0,1,7,2017
00-0032784,K.Hogan,3,4,81,2017
00-0032792,N.Sudfeld,1,1,26,2017
00-0032950,C.Wentz,13,13,473,2017
00-0033040,T.Hill,0,1,1,2017
00-0033077,D.Prescott,16,16,523,2017
00-0033104,C.Kessler,1,3,29,2017
00-0033106,J.Goff,16,16,548,2017
00-0033108,P.Lynch,2,2,54,2017
00-0033119,J.Brissett,15,16,519,2017
00-0033400,M.Haack,0,1,1,2017
00-0033537,D.Watson,7,7,224,2017
00-0033556,T.Cohen,0,2,2,2017
00-0033662,C.Rush,0,2,3,2017
00-0033869,M.Trubisky,12,12,361,2017
00-0033873,P.Mahomes,1,1,37,2017
00-0033899,D.Kizer,15,15,513,2017
00-0033908,C.Kupp,0,1,1,2017
00-0033936,C.Beathard,6,6,242,2017
00-0033958,N.Peterman,3,5,51,2017
00-0019596,T.Brady,19,19,716,2018
00-0020531,D.Brees,17,17,589,2018
00-0021206,J.McCown,3,4,116,2018
00-0022787,M.Schaub,0,1,7,2018
00-0022803,E.Manning,16,16,627,2018
00-0022921,L.Fitzgerald,0,1,1,2018
00-0022924,B.Roethlisberger,16,16,701,2018
00-0022942,P.Rivers,18,18,636,2018
00-0023436,A.Smith,10,10,349,2018
00-0023459,A.Rodgers,15,16,647,2018
00-0023645,D.Anderson,2,2,75,2018
00-0023662,M.Cassel,1,2,18,2018
00-0023682,R.Fitzpatrick,8,8,261,2018
00-0023853,M.Prater,0,1,1,2018
00-0024417,S.Koch,0,1,1,2018
00-0026035,D.Amendola,0,1,1,2018
00-0026143,M.Ryan,16,16,655,2018
00-0026158,J.Flacco,9,9,394,2018
00-0026197,C.Henne,0,1,3,2018
00-0026300,J.Johnson,4,4,102,2018
00-0026498,M.Stafford,16,16,597,2018
00-0026544,C.Daniel,2,2,86,2018
00-0026625,B.Hoyer,0,2,2,2018
00-0026898,M.Sanchez,2,2,42,2018
00-0027150,J.Edelman,0,2,2,2018
00-0027685,E.Sanders,0,1,1,2018
00-0027688,C.McCoy,2,3,58,2018
00-0027793,A.Brown,0,1,1,2018
00-0027854,S.Bradford,3,3,87,2018
00-0027939,C.Newton,14,14,501,2018
00-0027948,B.Gabbert,5,6,106,2018
00-0027973,A.Dalton,11,11,384,2018
00-0028118,T.Taylor,3,4,97,2018
00-0028872,J.Hekker,0,5,5,2018
00-0028986,C.Keenum,16,16,620,2018
00-0029000,C.Beasley,0,1,1,2018
00-0029263,R.Wilson,17,17,499,2018
00-0029567,N.Foles,7,7,275,2018
00-0029604,K.Cousins,16,16,648,2018
00-0029632,M.Sanu,0,2,2,2018
00-0029665,R.Griffin III,0,2,6,2018
00-0029668,A.Luck,18,18,729,2018
00-0029682,B.Osweiler,5,7,195,2018
00-0029692,B.Anger,0,1,1,2018
00-0029701,R.Tannehill,11,11,308,2018
00-0030085,K.Stills,0,1,1,2018
00-0030092,S.Martin,0,1,1,2018
00-0030140,T.Way,0,1,1,2018
00-0030279,K.Allen,0,1,1,2018
00-0030520,M.Glennon,1,2,22,2018
00-0030533,M.Barkley,1,1,26,2018
00-0030564,D.Hopkins,0,1,1,2018
00-0030565,G.Smith,0,3,5,2018
00-0030669,A.Wilson,0,1,1,2018
00-0031136,C.Boswell,0,1,1,2018
00-0031235,O.Beckham,0,2,2,2018
00-0031237,T.Bridgewater,1,2,25,2018
00-0031260,L.Thomas,0,1,1,2018
00-0031280,D.Carr,16,16,598,2018
00-0031288,A.McCarron,0,1,4,2018
00-0031326,B.Ellington,0,1,1,2018
00-0031345,J.Garoppolo,3,3,103,2018
00-0031382,J.Landry,0,3,3,2018
00-0031387,E.Ebron,0,1,1,2018
00-0031395,G.Gilbert,0,1,4,2018
00-0031407,B.Bortles,12,13,436,2018
00-0031503,J.Winston,11,11,407,2018
00-0031549,N.Agholor,0,1,1,2018
00-0031716,M.Darr,0,1,1,2018
00-0031800,T.Heinicke,1,5,58,2018
00-0031972,D.Jennings,0,1,1,2018
00-0032245,S.Mannion,0,1,3,2018
00-0032268,M.Mariota,14,14,374,2018
00-0032436,J.Driskel,6,8,195,2018
00-0032764,D.Henry,0,3,3,2018
00-0032792,N.Sudfeld,0,2,2,2018
00-0032950,C.Wentz,11,11,431,2018
00-0033009,T.Boyd,0,1,1,2018
00-0033077,D.Prescott,18,18,651,2018
00-0033104,C.Kessler,5,5,153,2018
00-0033106,J.Goff,19,19,704,2018
00-0033119,J.Brissett,0,3,4,2018
00-0033132,K.Byard,0,1,1,2018
00-0033280,C.McCaffrey,0,1,1,2018
00-0033319,N.Mullens,8,8,288,2018
00-0033357,T.Hill,0,7,9,2018
00-0033537,D.Watson,17,17,614,2018
00-0033556,T.Cohen,0,1,1,2018
00-0033839,D.Westbrook,0,1,1,2018
00-0033869,M.Trubisky,15,15,506,2018
00-0033873,P.Mahomes,18,18,686,2018
00-0033891,Z.Jones,0,1,1,2018
00-0033899,D.Kizer,1,2,45,2018
00-0033936,C.Beathard,5,5,189,2018
00-0033949,J.Dobbs,0,3,12,2018
00-0033958,N.Peterman,3,4,89,2018
00-0034064,C.Wadman,0,1,1,2018
00-0034162,J.Scott,0,1,1,2018
00-0034253,D.Hilliard,0,1,1,2018
00-0034343,J.Rosen,13,14,438,2018
00-0034353,A.Miller,0,1,1,2018
00-0034369,K.Lauletta,0,1,5,2018
00-0034437,L.Cooke,0,1,1,2018
00-0034577,K.Allen,1,2,31,2018
00-0034721,C.Bojorquez,0,1,1,2018
00-0034796,L.Jackson,8,13,220,2018
00-0034855,B.Mayfield,14,14,515,2018
00-0034857,J.Allen,12,12,348,2018
00-0034869,S.Darnold,13,13,444,2018
00-0019596,T.Brady,17,17,679,2019
00-0020531,D.Brees,11,12,422,2019
00-0021206,J.McCown,1,2,35,2019
00-0022787,M.Schaub,2,3,70,2019
00-0022803,E.Manning,4,4,152,2019
00-0022824,A.Lee,0,1,1,2019
00-0022924,B.Roethlisberger,2,2,64,2019
00-0022942,P.Rivers,16,16,623,2019
00-0023459,A.Rodgers,18,18,678,2019
00-0023534,D.Colquitt,0,2,2,2019
00-0023682,R.Fitzpatrick,14,15,543,2019
00-0024417,S.Koch,0,1,1,2019
00-0025708,M.Moore,3,4,98,2019
00-0025825,B.Kern,0,3,3,2019
00-0026035,D.Amendola,0,1,1,2019
00-0026143,M.Ryan,15,15,668,2019
00-0026158,J.Flacco,8,8,288,2019
00-0026498,M.Stafford,8,8,308,2019
00-0026544,C.Daniel,2,3,71,2019
00-0026625,B.Hoyer,2,2,71,2019
00-0027150,J.Edelman,0,2,2,2019
00-0027685,E.Sanders,0,1,1,2019
00-0027688,C.McCoy,1,1,33,2019
00-0027939,C.Newton,2,2,94,2019
00-0027973,A.Dalton,13,13,560,2019
00-0028002,R.Cobb,0,1,1,2019
00-0028064,B.Powell,0,1,1,2019
00-0028118,T.Taylor,0,2,6,2019
00-0028872,J.Hekker,0,3,3,2019
00-0028986,C.Keenum,9,9,262,2019
00-0029263,R.Wilson,18,18,630,2019
00-0029567,N.Foles,3,4,128,2019
00-0029604,K.Cousins,17,17,543,2019
00-0029623,A.Tanney,0,1,1,2019
00-0029664,J.Gordon,0,1,1,2019
00-0029665,R.Griffin,0,1,6,2019
00-0029665,R.Griffin III,1,5,37,2019
00-0029701,R.Tannehill,14,14,380,2019
00-0029857,R.Griffin,0,1,4,2019
00-0030085,K.Stills,0,1,1,2019
00-0030465,K.Barner,0,1,1,2019
00-0030520,M.Glennon,0,2,10,2019
00-0030533,M.Barkley,2,2,52,2019
00-0030564,D.Hopkins,0,2,2,2019
00-0030669,A.Wilson,0,2,3,2019
00-0031051,J.Brown,0,2,2,2019
00-0031062,J.White,0,1,1,2019
00-0031076,D.Fales,0,1,1,2019
00-0031235,O.Beckham,0,2,2,2019
00-0031237,T.Bridgewater,6,7,208,2019
00-0031280,D.Carr,16,16,541,2019
00-0031288,A.McCarron,1,2,42,2019
00-0031325,S.Watkins,0,1,1,2019
00-0031345,J.Garoppolo,18,19,576,2019
00-0031363,M.Palardy,0,1,1,2019
00-0031395,G.Gilbert,0,2,3,2019
00-0031407,B.Bortles,0,1,2,2019
00-0031503,J.Winston,16,16,674,2019
00-0031588,S.Diggs,0,2,2,2019
00-0031589,B.Hundley,1,3,13,2019
00-0032156,T.Siemian,0,1,8,2019
00-0032245,S.Mannion,1,1,21,2019
00-0032268,M.Mariota,6,8,184,2019
00-0032434,B.Allen,3,3,93,2019
00-0032436,J.Driskel,3,3,115,2019
00-0032543,A.Erickson,0,1,1,2019
00-0032764,D.Henry,0,1,1,2019
00-0032943,R.Dixon,0,1,1,2019
00-0032950,C.Wentz,16,17,651,2019
00-0033077,D.Prescott,16,16,620,2019
00-0033106,J.Goff,16,16,649,2019
00-0033119,J.Brissett,14,15,472,2019
00-0033251,Z.Pascal,0,1,1,2019
00-0033280,C.McCaffrey,0,2,2,2019
00-0033357,T.Hill,0,7,8,2019
00-0033400,M.Haack,0,2,2,2019
00-0033537,D.Watson,17,17,626,2019
00-0033787,J.Elliott,0,1,1,2019
00-0033869,M.Trubisky,14,15,552,2019
00-0033873,P.Mahomes,17,17,620,2019
00-0033906,A.Kamara,0,1,1,2019
00-0033908,C.Kupp,0,1,1,2019
00-0033923,K.Hunt,0,1,1,2019
00-0034064,C.Wadman,0,1,1,2019
00-0034177,T.Boyle,0,1,4,2019
00-0034331,J.Samuels,0,2,5,2019
00-0034343,J.Rosen,4,5,125,2019
00-0034348,C.Sutton,0,1,1,2019
00-0034412,L.Falk,3,3,90,2019
00-0034437,L.Cooke,0,3,3,2019
00-0034577,K.Allen,13,13,536,2019
00-0034771,M.Rudolph,10,10,299,2019
00-0034796,L.Jackson,16,16,486,2019
00-0034855,B.Mayfield,16,16,575,2019
00-0034857,J.Allen,13,14,449,2019
00-0034857,Jos.Allen,3,3,97,2019
00-0034860,D.Pettis,0,1,1,2019
00-0034869,S.Darnold,13,13,475,2019
00-0034928,S.Sims,0,1,1,2019
00-0034941,M.Wishnowsky,0,1,1,2019
00-0034959,A.Beck,0,1,1,2019
00-0035040,D.Blough,5,5,188,2019
00-0035228,K.Murray,16,16,589,2019
00-0035232,D.Haskins,8,9,234,2019
00-0035251,W.Grier,1,2,58,2019
00-0035264,J.Stidham,0,2,5,2019
00-0035289,G.Minshew,6,6,209,2019
00-0035289,G.Minshew II,8,8,298,2019
00-0035297,K.Harmon,0,1,1,2019
00-0035350,P.Williams,0,1,1,2019
00-0035577,D.Hodges,7,8,175,2019
00-0035652,R.Finley,3,3,98,2019
00-0035704,D.Lock,5,5,161,2019
00-0035710,D.Jones,12,13,500,2019
00-0019596,T.Brady,20,20,773,2020
00-0020531,D.Brees,14,14,475,2020
00-0022824,A.Lee,0,1,1,2020
00-0022924,B.Roethlisberger,16,16,696,2020
00-0022942,P.Rivers,17,17,608,2020
00-0023436,A.Smith,8,8,274,2020
00-0023459,A.Rodgers,18,18,634,2020
00-0023682,R.Fitzpatrick,9,9,282,2020
00-0024417,S.Koch,0,1,1,2020
00-0025825,B.Kern,0,2,2,2020
00-0026143,M.Ryan,16,16,669,2020
00-0026158,J.Flacco,4,5,141,2020
00-0026197,C.Henne,1,4,49,2020
00-0026498,M.Stafford,15,16,563,2020
00-0026516,B.Colquitt,0,1,1,2020
00-0026544,C.Daniel,2,4,45,2020
00-0026625,B.Hoyer,1,1,26,2020
00-0027150,J.Edelman,0,1,2,2020
00-0027688,C.McCoy,3,4,72,2020
00-0027891,G.Tate,0,1,1,2020
00-0027891,G.Tate III,0,1,1,2020
00-0027939,C.Newton,15,15,398,2020
00-0027948,B.Gabbert,1,2,17,2020
00-0027973,A.Dalton,10,11,357,2020
00-0028002,R.Cobb,0,1,1,2020
00-0028118,T.Taylor,1,1,32,2020
00-0028664,C.Jones,0,1,1,2020
00-0028986,C.Keenum,1,1,10,2020
00-0029000,C.Beasley,0,1,1,2020
00-0029263,R.Wilson,17,17,638,2020
00-0029567,N.Foles,8,9,330,2020
00-0029604,K.Cousins,16,16,559,2020
00-0029665,R.Griffin,1,3,17,2020
00-0029701,R.Tannehill,17,17,534,2020
00-0030151,T.Bray,0,1,4,2020
00-0030279,K.Allen,0,1,1,2020
00-0030506,T.Kelce,0,2,2,2020
00-0030520,M.Glennon,5,5,189,2020
00-0030533,M.Barkley,1,4,22,2020
00-0030565,G.Smith,0,1,6,2020
00-0031235,O.Beckham,0,1,1,2020
00-0031237,T.Bridgewater,15,15,523,2020
00-0031260,L.Thomas,0,1,1,2020
00-0031280,D.Carr,15,16,540,2020
00-0031288,A.McCarron,0,2,2,2020
00-0031325,S.Watkins,0,1,1,2020
00-0031345,J.Garoppolo,6,6,151,2020
00-0031382,J.Landry,0,4,4,2020
00-0031395,G.Gilbert,1,1,39,2020
00-0031503,J.Winston,1,3,14,2020
00-0031800,T.Heinicke,2,2,67,2020
00-0031941,J.Crowder,0,1,1,2020
00-0032009,A.Humphries,0,1,1,2020
00-0032268,M.Mariota,1,1,27,2020
00-0032434,B.Allen,5,5,149,2020
00-0032436,J.Driskel,2,2,76,2020
00-0032543,A.Erickson,0,1,1,2020
00-0032792,N.Sudfeld,1,1,14,2020
00-0032943,R.Dixon,0,1,1,2020
00-0032950,C.Wentz,12,12,492,2020
00-0033009,T.Boyd,0,2,2,2020
00-0033077,D.Prescott,5,5,233,2020
00-0033106,J.Goff,17,17,627,2020
00-0033119,J.Brissett,0,5,10,2020
00-0033251,Z.Pascal,0,1,1,2020
00-0033275,P.Walker,2,4,60,2020
00-0033319,N.Mullens,10,10,347,2020
00-0033357,T.Hill,4,11,136,2020
00-0033466,I.McKenzie,0,1,1,2020
00-0033537,D.Watson,16,16,595,2020
00-0033572,J.Agnew,0,1,1,2020
00-0033733,G.Ward,0,1,1,2020
00-0033869,M.Trubisky,10,10,346,2020
00-0033873,P.Mahomes,18,18,732,2020
00-0033891,Z.Jones,0,1,1,2020
00-0033936,C.Beathard,4,6,113,2020
00-0033949,J.Dobbs,0,1,5,2020
00-0033958,N.Peterman,0,1,7,2020
00-0034162,J.Scott,0,1,1,2020
00-0034177,T.Boyle,0,1,1,2020
00-0034411,R.Gage,0,2,2,2020
00-0034418,C.Wilson,0,2,2,2020
00-0034438,L.Woodside,0,2,3,2020
00-0034577,K.Allen,3,4,96,2020
00-0034771,M.Rudolph,1,3,45,2020
00-0034796,L.Jackson,17,17,458,2020
00-0034827,D.Moore,0,1,1,2020
00-0034855,B.Mayfield,18,18,580,2020
00-0034857,J.Allen,19,19,728,2020
00-0034869,S.Darnold,12,12,398,2020
00-0034899,J.Wolford,1,2,47,2020
00-0034941,M.Wishnowsky,0,1,1,2020
00-0034955,B.Rypien,2,2,41,2020
00-0034960,J.Meyers,0,2,2,2020
00-0035040,D.Blough,1,1,11,2020
00-0035146,T.McSorley,0,2,10,2020
00-0035228,K.Murray,16,16,579,2020
00-0035232,D.Haskins,7,7,262,2020
00-0035264,J.Stidham,3,5,48,2020
00-0035282,E.Stick,0,1,1,2020
00-0035289,G.Minshew,3,3,117,2020
00-0035289,G.Minshew II,6,6,240,2020
00-0035290,J.Johnson,0,1,1,2020
00-0035510,J.Smith,0,1,1,2020
00-0035652,R.Finley,2,4,41,2020
00-0035704,D.Lock,12,13,464,2020
00-0035710,D.Jones,14,14,494,2020
00-0035752,C.Streveler,1,1,18,2020
00-0035831,J.Robinson,0,1,1,2020
00-0035864,K.Hinton,1,1,10,2020
00-0035889,T.Townsend,0,1,1,2020
00-0035993,T.Huntley,1,3,19,2020
00-0036142,I.Wright,0,1,1,2020
00-0036212,T.Tagovailoa,9,10,310,2020
00-0036312,J.Luton,3,3,118,2020
00-0036320,J.Charlton,0,2,2,2020
00-0036355,J.Herbert,15,15,626,2020
00-0036358,C.Lamb,0,1,1,2020
00-0036364,L.Bowden,0,2,2,2020
00-0036384,B.DiNucci,1,2,49,2020
00-0036389,J.Hurts,5,9,161,2020
00-0036442,J.Burrow,10,10,433,2020
00-0019596,T.Brady,19,19,838,2021
00-0022824,A.Lee,0,1,1,2021
00-0022924,B.Roethlisberger,17,17,692,2021
00-0023459,A.Rodgers,9,9,320,2021
00-0023459,Aa.Rodgers,8,8,272,2021
00-0023682,R.Fitzpatrick,0,1,7,2021
00-0024417,S.Koch,0,1,1,2021
00-0026035,D.Amendola,0,1,1,2021
00-0026143,M.Ryan,17,17,601,2021
00-0026158,J.Flacco,1,2,44,2021
00-0026197,C.Henne,1,1,16,2021
00-0026300,J.Johnson,2,3,88,2021
00-0026498,M.Stafford,21,21,780,2021
00-0026625,B.Hoyer,0,3,11,2021
00-0027688,C.McCoy,3,4,105,2021
00-0027939,C.Newton,5,6,137,2021
00-0027948,B.Gabbert,0,5,12,2021
00-0027973,A.Dalton,7,8,256,2021
00-0028118,T.Taylor,4,4,117,2021
00-0028118,Ty.Taylor,2,2,45,2021
00-0028872,J.Hekker,0,2,2,2021
00-0028986,C.Keenum,3,4,77,2021
00-0029000,C.Beasley,0,1,1,2021
00-0029263,R.Wilson,14,14,435,2021
00-0029567,N.Foles,1,1,40,2021
00-0029604,K.Cousins,16,16,587,2021
00-0029692,B.Anger,0,1,1,2021
00-0029701,R.Tannehill,18,18,603,2021
00-0029747,C.Banjo,0,1,1,2021
00-0030279,K.Allen,0,2,2,2021
00-0030288,R.Burkhead,0,1,1,2021
00-0030506,T.Kelce,0,1,1,2021
00-0030520,M.Glennon,6,6,174,2021
00-0030565,G.Smith,4,4,107,2021
00-0030578,C.Patterson,0,1,1,2021
00-0030669,A.Wilson,0,2,2,2021
00-0031136,C.Boswell,0,1,1,2021
00-0031235,O.Beckham,0,1,1,2021
00-0031237,T.Bridgewater,14,14,460,2021
00-0031280,D.Carr,18,18,722,2021
00-0031345,J.Garoppolo,18,18,546,2021
00-0031382,J.Landry,0,1,1,2021
00-0031395,G.Gilbert,1,1,33,2021
00-0031503,J.Winston,7,7,172,2021
00-0031543,T.Long,0,1,1,2021
00-0031588,S.Diggs,0,1,1,2021
00-0031800,T.Heinicke,16,16,532,2021
00-0031941,J.Crowder,0,2,2,2021
00-0032156,T.Siemian,6,6,201,2021
00-0032245,S.Mannion,1,1,38,2021
00-0032268,M.Mariota,0,2,2,2021
00-0032434,B.Allen,1,4,38,2021
00-0032496,M.Farley,0,1,1,2021
00-0032764,D.Henry,0,1,1,2021
00-0032943,R.Dixon,0,1,1,2021
00-0032950,C.Wentz,17,17,552,2021
00-0033009,T.Boyd,0,1,1,2021
00-0033045,E.Elliott,0,1,1,2021
00-0033077,D.Prescott,17,17,678,2021
00-0033106,J.Goff,14,14,529,2021
00-0033119,J.Brissett,6,8,244,2021
00-0033275,P.Walker,4,5,73,2021
00-0033307,K.Bourne,0,1,1,2021
00-0033319,N.Mullens,1,1,29,2021
00-0033357,T.Hill,4,9,141,2021
00-0033662,C.Rush,1,4,50,2021
00-0033681,K.Cole,0,1,1,2021
00-0033733,G.Ward,0,2,2,2021
00-0033856,L.Fournette,0,1,1,2021
00-0033869,M.Trubisky,0,4,8,2021
00-0033873,P.Mahomes,20,20,819,2021
00-0033897,J.Mixon,0,1,1,2021
00-0033908,C.Kupp,0,2,2,2021
00-0033936,C.Beathard,0,1,2,2021
00-0034052,B.Zylstra,0,1,1,2021
00-0034177,T.Boyle,3,3,95,2021
00-0034343,J.Rosen,0,3,11,2021
00-0034348,C.Sutton,0,1,1,2021
00-0034401,M.White,4,4,137,2021
00-0034418,C.Wilson,0,3,3,2021
00-0034577,K.Allen,2,2,22,2021
00-0034771,M.Rudolph,1,2,57,2021
00-0034775,C.Kirk,0,1,1,2021
00-0034796,L.Jackson,11,12,421,2021
00-0034829,M.Gesicki,0,1,1,2021
00-0034855,B.Mayfield,14,14,462,2021
00-0034857,J.Allen,18,18,696,2021
00-0034857,Jos.Allen,1,1,44,2021
00-0034860,D.Pettis,0,1,1,2021
00-0034869,S.Darnold,12,12,442,2021
00-0034899,J.Wolford,0,2,5,2021
00-0034955,B.Rypien,0,1,2,2021
00-0034960,J.Meyers,0,1,2,2021
00-0035040,D.Blough,0,1,1,2021
00-0035156,J.Fox,0,3,3,2021
00-0035228,K.Murray,15,15,551,2021
00-0035289,G.Minshew,2,3,66,2021
00-0035544,T.Kennedy,0,1,1,2021
00-0035676,A.Brown,0,2,2,2021
00-0035685,D.Montgomery,0,1,1,2021
00-0035689,D.Knox,0,1,1,2021
00-0035704,D.Lock,5,6,119,2021
00-0035710,D.Jones,11,11,383,2021
00-0035719,D.Samuel,0,2,2,2021
00-0035752,C.Streveler,1,1,11,2021
00-0035859,B.Gillikin,0,1,1,2021
00-0035864,K.Hinton,0,1,1,2021
00-0035889,T.Townsend,0,1,1,2021
00-0035993,T.Huntley,6,6,205,2021
00-0036197,J.Fromm,3,3,66,2021
00-0036212,T.Tagovailoa,12,13,409,2021
00-0036226,J.Eason,0,1,5,2021
00-0036264,J.Love,2,4,66,2021
00-0036275,D.Swift,0,1,1,2021
00-0036322,J.Jefferson,0,4,4,2021
00-0036355,J.Herbert,17,17,709,2021
00-0036389,J.Hurts,16,16,505,2021
00-0036442,J.Burrow,20,20,732,2021
00-0036825,F.Franks,0,1,1,2021
00-0036898,D.Mills,13,13,424,2021
00-0036913,K.Toney,0,4,4,2021
00-0036929,I.Book,1,1,28,2021
00-0036945,J.Fields,11,12,304,2021
00-0036946,K.Mond,0,1,3,2021
00-0036971,T.Lawrence,17,17,636,2021
00-0036972,M.Jones,17,18,590,2021
00-0037012,T.Lance,3,4,75,2021
00-0037013,Z.Wilson,13,13,429,2021
00-0019596,T.Brady,18,18,828,2022
00-0022824,A.Lee,0,1,1,2022
00-0023459,A.Rodgers,17,17,575,2022
00-0026143,M.Ryan,12,12,502,2022
00-0026158,J.Flacco,4,5,201,2022
00-0026197,C.Henne,0,2,9,2022
00-0026300,J.Johnson,1,2,17,2022
00-0026498,M.Stafford,9,9,332,2022
00-0026544,C.Daniel,0,3,14,2022
00-0026625,B.Hoyer,0,1,7,2022
00-0027688,C.McCoy,4,4,145,2022
00-0027948,B.Gabbert,0,1,8,2022
00-0027973,A.Dalton,14,14,404,2022
00-0028118,T.Taylor,0,2,12,2022
00-0028986,C.Keenum,0,2,7,2022
00-0029263,R.Wilson,15,15,538,2022
00-0029567,N.Foles,2,2,50,2022
00-0029604,K.Cousins,18,18,729,2022
00-0029701,R.Tannehill,12,12,358,2022
00-0030288,R.Burkhead,0,1,1,2022
00-0030565,G.Smith,18,18,658,2022
00-0031237,T.Bridgewater,3,5,87,2022
00-0031280,D.Carr,15,15,532,2022
00-0031345,J.Garoppolo,10,11,326,2022
00-0031381,D.Adams,0,1,1,2022
00-0031503,J.Winston,3,3,125,2022
00-0031544,A.Cooper,0,1,1,2022
00-0031800,T.Heinicke,9,9,276,2022
00-0032156,T.Siemian,1,2,28,2022
00-0032208,P.Dorsett,0,1,1,2022
00-0032268,M.Mariota,13,13,326,2022
00-0032434,B.Allen,0,1,4,2022
00-0032436,J.Driskel,0,5,22,2022
00-0032764,D.Henry,0,1,2,2022
00-0032792,N.Sudfeld,0,1,1,2022
00-0032943,R.Dixon,0,2,2,2022
00-0032950,C.Wentz,8,8,309,2022
00-0033009,T.Boyd,0,2,2,2022
00-0033077,D.Prescott,14,14,486,2022
00-0033106,J.Goff,17,17,610,2022
00-0033119,J.Brissett,11,12,392,2022
00-0033275,P.Walker,5,6,113,2022
00-0033280,C.McCaffrey,0,2,2,2022
00-0033319,N.Mullens,1,4,25,2022
00-0033357,T.Hill,0,11,21,2022
00-0033537,D.Watson,6,6,188,2022
00-0033550,D.Webb,1,1,41,2022
00-0033555,M.Hollins,0,1,1,2022
00-0033662,C.Rush,6,8,168,2022
00-0033856,L.Fournette,0,1,1,2022
00-0033869,M.Trubisky,7,7,191,2022
00-0033873,P.Mahomes,20,20,780,2022
00-0033893,D.Cook,0,1,1,2022
00-0033908,C.Kupp,0,1,1,2022
00-0033936,C.Beathard,0,2,12,2022
00-0033949,J.Dobbs,2,2,74,2022
00-0033958,N.Peterman,1,3,25,2022
00-0034177,T.Boyle,0,1,9,2022
00-0034401,M.White,4,4,184,2022
00-0034418,C.Wilson,0,1,1,2022
00-0034419,B.Berrios,0,1,1,2022
00-0034577,K.Allen,2,2,85,2022
00-0034775,C.Kirk,0,1,1,2022
00-0034796,L.Jackson,11,12,352,2022
00-0034855,B.Mayfield,12,12,371,2022
00-0034857,J.Allen,18,18,689,2022
00-0034869,S.Darnold,6,6,147,2022
00-0034899,J.Wolford,2,2,69,2022
00-0034955,B.Rypien,2,4,96,2022
00-0035040,D.Blough,2,2,63,2022
00-0035042,J.Gillan,0,1,1,2022
00-0035146,T.McSorley,3,5,86,2022
00-0035156,J.Fox,0,1,1,2022
00-0035228,K.Murray,10,11,418,2022
00-0035264,J.Stidham,3,3,90,2022
00-0035289,G.Minshew,2,4,81,2022
00-0035710,D.Jones,18,18,584,2022
00-0035752,C.Streveler,1,1,15,2022
00-0035889,T.Townsend,0,1,1,2022
00-0035939,B.Perkins,2,3,39,2022
00-0035993,T.Huntley,6,6,148,2022
00-0036133,J.Proche,0,1,1,2022
00-0036145,L.Cager,0,1,1,2022
00-0036212,T.Tagovailoa,13,13,421,2022
00-0036226,J.Eason,0,1,5,2022
00-0036264,J.Love,0,4,20,2022
00-0036313,B.Mann,0,2,2,2022
00-0036322,J.Jefferson,0,3,3,2022
00-0036326,C.Claypool,0,1,1,2022
00-0036355,J.Herbert,18,18,782,2022
00-0036358,C.Lamb,0,1,1,2022
00-0036389,J.Hurts,18,18,590,2022
00-0036425,D.Dallas,0,1,1,2022
00-0036442,J.Burrow,19,19,770,2022
00-0036879,S.Ehlinger,4,4,115,2022
00-0036893,N.Harris,0,1,1,2022
00-0036898,D.Mills,15,15,511,2022
00-0036900,J.Chase,0,1,1,2022
00-0036928,K.Trask,0,1,9,2022
00-0036945,J.Fields,15,15,377,2022
00-0036971,T.Lawrence,19,19,705,2022
00-0036972,M.Jones,13,14,478,2022
00-0037012,T.Lance,1,2,33,2022
00-0037013,Z.Wilson,9,9,265,2022
00-0037077,S.Howell,1,1,22,2022
00-0037175,A.Brown,1,2,52,2022
00-0037327,S.Thompson,5,8,161,2022
00-0037500,R.Wright,0,2,2,2022
00-0037740,G.Wilson,0,1,1,2022
00-0037834,B.Purdy,8,10,249,2022
00-0038102,K.Pickett,12,13,417,2022
00-0038108,B.Zappe,4,4,98,2022
00-0038122,D.Ridder,4,4,124,2022
00-0038128,M.Willis,3,6,71,2022
00-0023459,A.Rodgers,0,1,2,2023
00-0026158,J.Flacco,6,6,263,2023
00-0026498,M.Stafford,16,16,589,2023
00-0026625,B.Hoyer,2,2,43,2023
00-0027114,T.Morstead,0,1,1,2023
00-0027948,B.Gabbert,1,2,36,2023
00-0027973,A.Dalton,1,1,61,2023
00-0028118,T.Taylor,6,10,192,2023
00-0028872,J.Hekker,0,1,1,2023
00-0028986,C.Keenum,2,2,59,2023
00-0029263,R.Wilson,15,15,491,2023
00-0029604,K.Cousins,8,8,326,2023
00-0029692,B.Anger,0,1,1,2023
00-0029701,R.Tannehill,9,9,260,2023
00-0030279,K.Allen,0,2,2,2023
00-0030564,D.Hopkins,0,1,1,2023
00-0030565,G.Smith,15,15,528,2023
00-0031280,D.Carr,17,17,581,2023
00-0031288,A.McCarron,0,2,6,2023
00-0031345,J.Garoppolo,6,7,183,2023
00-0031376,J.McKinnon,0,1,1,2023
00-0031503,J.Winston,2,4,49,2023
00-0031800,T.Heinicke,5,5,142,2023
00-0032156,T.Siemian,5,5,161,2023
00-0032268,M.Mariota,1,2,26,2023
00-0032436,J.Driskel,1,1,29,2023
00-0032764,D.Henry,0,3,3,2023
00-0032950,C.Wentz,1,1,27,2023
00-0033009,T.Boyd,0,1,1,2023
00-0033077,D.Prescott,18,18,695,2023
00-0033106,J.Goff,20,20,754,2023
00-0033119,J.Brissett,2,2,23,2023
00-0033275,P.Walker,4,5,121,2023
00-0033319,N.Mullens,5,5,159,2023
00-0033357,T.Hill,0,9,13,2023
00-0033537,D.Watson,5,6,187,2023
00-0033557,J.Reeves-Maybin,0,1,1,2023
00-0033662,C.Rush,0,7,25,2023
00-0033858,J.Smith,0,1,1,2023
00-0033869,M.Trubisky,4,5,114,2023
00-0033873,P.Mahomes,20,20,776,2023
00-0033921,C.Godwin,0,1,1,2023
00-0033936,C.Beathard,3,5,60,2023
00-0033949,J.Dobbs,13,13,450,2023
00-0033958,N.Peterman,0,1,1,2023
00-0034177,T.Boyle,3,3,86,2023
00-0034401,M.White,0,4,6,2023
00-0034418,C.Wilson,0,1,1,2023
00-0034437,L.Cooke,0,1,1,2023
00-0034438,L.Woodside,0,1,5,2023
00-0034613,T.Hudson,0,1,1,2023
00-0034771,M.Rudolph,4,5,119,2023
00-0034775,C.Kirk,0,2,2,2023
00-0034796,L.Jackson,18,18,560,2023
00-0034855,B.Mayfield,19,19,696,2023
00-0034857,J.Allen,19,19,676,2023
00-0034869,S.Darnold,2,6,51,2023
00-0034955,B.Rypien,2,2,40,2023
00-0034960,J.Meyers,0,2,3,2023
00-0035100,J.Browning,8,9,268,2023
00-0035228,K.Murray,8,8,290,2023
00-0035250,D.Singletary,0,1,1,2023
00-0035264,J.Stidham,2,2,73,2023
00-0035282,E.Stick,5,5,187,2023
00-0035289,G.Minshew,15,16,527,2023
00-0035639,P.Campbell,0,1,1,2023
00-0035700,J.Jacobs,0,1,1,2023
00-0035704,D.Lock,2,4,83,2023
00-0035710,D.Jones,6,6,191,2023
00-0035719,D.Samuel,0,1,1,2023
00-0035889,T.Townsend,0,1,1,2023
00-0035993,T.Huntley,1,4,41,2023
00-0036212,T.Tagovailoa,18,18,630,2023
00-0036259,J.Jennings,0,1,1,2023
00-0036264,J.Love,19,19,665,2023
00-0036313,B.Mann,0,1,1,2023
00-0036322,J.Jefferson,0,1,1,2023
00-0036355,J.Herbert,13,13,486,2023
00-0036389,J.Hurts,18,18,613,2023
00-0036414,C.Akers,0,1,1,2023
00-0036425,D.Dallas,0,1,1,2023
00-0036442,J.Burrow,10,10,388,2023
00-0036626,D.Brown,0,1,1,2023
00-0036849,T.Atwell,0,1,1,2023
00-0036898,D.Mills,1,6,43,2023
00-0036900,J.Chase,0,1,1,2023
00-0036913,K.Toney,0,1,1,2023
00-0036919,K.Gainwell,0,1,1,2023
00-0036928,K.Trask,0,1,1,2023
00-0036945,J.Fields,13,13,416,2023
00-0036963,A.St. Brown,0,1,1,2023
00-0036971,T.Lawrence,16,16,602,2023
00-0036972,M.Jones,11,11,368,2023
00-0037013,Z.Wilson,12,12,413,2023
00-0037077,S.Howell,17,17,679,2023
00-0037238,D.London,0,1,1,2023
00-0037304,Co.Heyward,0,1,1,2023
00-0037740,G.Wilson,0,1,1,2023
00-0037816,R.Doubs,0,1,1,2023
00-0037834,B.Purdy,19,19,580,2023
00-0038102,K.Pickett,12,12,347,2023
00-0038108,B.Zappe,8,10,236,2023
00-0038115,D.Bellinger,0,1,1,2023
00-0038122,D.Ridder,13,15,420,2023
00-0038128,M.Willis,0,1,9,2023
00-0038391,S.Clifford,0,1,1,2023
00-0038393,D.Wicks,0,1,1,2023
00-0038416,T.Bagent,5,5,149,2023
00-0038476,T.DeVito,7,9,215,2023
00-0038579,A.O'Connell,11,11,367,2023
00-0038582,C.Tune,1,2,28,2023
00-0038583,D.Thompson-Robinson,3,6,117,2023
00-0038598,J.Hall,1,3,24,2023
00-0038911,M.Cunningham,0,1,1,2023
00-0038977,N.Dell,0,1,1,2023
00-0039040,D.Achane,0,1,1,2023
00-0039150,B.Young,16,16,589,2023
00-0039152,W.Levis,8,9,282,2023
00-0039163,C.Stroud,17,17,589,2023
00-0039164,A.Richardson,4,4,93,2023
00-0023459,A.Rodgers,17,17,627,2024
00-0026158,J.Flacco,7,7,267,2024
00-0026300,J.Johnson,0,3,4,2024
00-0026498,M.Stafford,18,18,624,2024
00-0027973,A.Dalton,5,6,168,2024
00-0028118,T.Taylor,1,2,25,2024
00-0028872,J.Hekker,0,2,2,2024
00-0029263,R.Wilson,12,12,401,2024
00-0029604,K.Cousins,14,14,478,2024
00-0029692,B.Anger,0,2,2,2024
00-0030140,T.Way,0,1,1,2024
00-0030279,K.Allen,0,1,1,2024
00-0030565,G.Smith,17,17,629,2024
00-0031237,T.Bridgewater,0,1,1,2024
00-0031280,D.Carr,10,10,290,2024
00-0031345,J.Garoppolo,1,1,45,2024
00-0031503,J.Winston,8,9,326,2024
00-0031588,S.Diggs,0,1,1,2024
00-0031800,T.Heinicke,0,3,8,2024
00-0032065,B.Pinion,0,1,1,2024
00-0032268,M.Mariota,2,3,47,2024
00-0032399,M.Killebrew,0,1,1,2024
00-0032434,B.Allen,1,2,32,2024
00-0032943,R.Dixon,0,2,2,2024
00-0032950,C.Wentz,1,2,23,2024
00-0033009,T.Boyd,0,1,1,2024
00-0033077,D.Prescott,8,8,307,2024
00-0033106,J.Goff,18,18,607,2024
00-0033119,J.Brissett,6,7,179,2024
00-0033307,K.Bourne,0,1,1,2024
00-0033319,N.Mullens,0,2,2,2024
00-0033357,T.Hill,0,3,4,2024
00-0033537,D.Watson,7,7,250,2024
00-0033662,C.Rush,10,11,321,2024
00-0033869,M.Trubisky,1,5,26,2024
00-0033873,P.Mahomes,19,19,715,2024
00-0033897,J.Mixon,0,1,1,2024
00-0033949,J.Dobbs,1,2,48,2024
00-0034162,J.Scott,0,1,1,2024
00-0034177,T.Boyle,3,3,51,2024
00-0034348,C.Sutton,0,2,2,2024
00-0034401,M.White,1,1,11,2024
00-0034418,C.Wilson,0,2,2,2024
00-0034521,A.Lazard,0,1,1,2024
00-0034577,K.Allen,0,1,1,2024
00-0034771,M.Rudolph,8,8,237,2024
00-0034796,L.Jackson,19,19,544,2024
00-0034827,D.Moore,0,1,1,2024
00-0034844,S.Barkley,0,1,1,2024
00-0034855,B.Mayfield,18,18,631,2024
00-0034857,J.Allen,19,19,586,2024
00-0034869,S.Darnold,18,18,643,2024
00-0034960,J.Meyers,0,1,1,2024
00-0035156,J.Fox,0,1,1,2024
00-0035190,A.Cole,0,1,1,2024
00-0035228,K.Murray,17,17,570,2024
00-0035289,G.Minshew,10,10,333,2024
00-0035685,D.Montgomery,0,2,2,2024
00-0035704,D.Lock,5,7,193,2024
00-0035710,D.Jones,10,10,371,2024
00-0035719,D.Samuel,0,1,1,2024
00-0035993,T.Huntley,5,5,149,2024
00-0036212,T.Tagovailoa,11,11,421,2024
00-0036264,J.Love,16,16,477,2024
00-0036309,D.Mooney,0,1,1,2024
00-0036322,J.Jefferson,0,1,1,2024
00-0036355,J.Herbert,18,18,581,2024
00-0036389,J.Hurts,18,19,503,2024
00-0036442,J.Burrow,17,17,701,2024
00-0036626,D.Brown,0,1,1,2024
00-0036849,T.Atwell,0,1,1,2024
00-0036880,P.Sewell,0,1,1,2024
00-0036898,D.Mills,2,4,38,2024
00-0036928,K.Trask,0,1,1,2024
00-0036945,J.Fields,6,8,178,2024
00-0036963,A.St. Brown,0,1,1,2024
00-0036971,T.Lawrence,10,10,305,2024
00-0036972,M.Jones,8,10,279,2024
00-0037012,T.Lance,1,3,45,2024
00-0037077,S.Howell,1,1,18,2024
00-0037240,Ja.Williams,0,1,1,2024
00-0037276,T.Chandler,0,1,1,2024
00-0037324,C.Oladokun,0,1,1,2024
00-0037327,S.Thompson,2,2,39,2024
00-0037834,B.Purdy,15,15,482,2024
00-0038102,K.Pickett,2,5,47,2024
00-0038108,B.Zappe,1,1,32,2024
00-0038122,D.Ridder,4,5,94,2024
00-0038128,M.Willis,3,6,63,2024
00-0038400,T.McKee,1,2,47,2024
00-0038416,T.Bagent,0,2,2,2024
00-0038476,T.DeVito,2,2,50,2024
00-0038543,J.Smith-Njigba,0,1,1,2024
00-0038550,H.Hooker,0,3,10,2024
00-0038579,A.O'Connell,9,9,254,2024
00-0038582,C.Tune,0,1,2,2024
00-0038583,D.Thompson-Robinson,3,6,126,2024
00-0038998,J.Haener,2,6,45,2024
00-0039150,B.Young,12,14,414,2024
00-0039152,W.Levis,11,12,344,2024
00-0039163,C.Stroud,18,19,655,2024
00-0039164,A.Richardson,10,11,277,2024
00-0039337,M.Nabers,0,1,1,2024
00-0039376,S.Rattler,7,7,250,2024
00-0039398,J.Milton,1,1,29,2024
00-0039491,J.Coker,0,1,1,2024
00-0039732,B.Nix,18,18,615,2024
00-0039851,D.Maye,11,13,374,2024
00-0039890,A.Mitchell,0,1,1,2024
00-0039910,J.Daniels,19,20,648,2024
00-0039916,R.Pearsall,0,1,1,2024
00-0039917,M.Penix,3,5,109,2024
00-0039918,C.Williams,17,17,636,2024
00-0022942,P.Rivers,3,3,97,2025
00-0023459,A.Rodgers,17,17,564,2025
00-0026158,J.Flacco,10,12,432,2025
00-0026300,J.Johnson,3,3,54,2025
00-0026498,M.Stafford,20,20,741,2025
00-0027973,A.Dalton,1,3,45,2025
00-0028118,T.Taylor,5,6,147,2025
00-0029263,R.Wilson,3,6,129,2025
00-0029604,K.Cousins,9,10,281,2025
00-0030565,G.Smith,15,15,503,2025
00-0031237,T.Bridgewater,1,1,17,2025
00-0031503,J.Winston,2,3,69,2025
00-0032268,M.Mariota,9,10,244,2025
00-0032434,B.Allen,1,1,31,2025
00-0032764,D.Henry,0,1,1,2025
00-0032950,C.Wentz,5,5,188,2025
00-0033077,D.Prescott,17,17,631,2025
00-0033106,J.Goff,17,17,614,2025
00-0033119,J.Brissett,12,13,530,2025
00-0033269,R.Sanchez,0,1,1,2025
00-0033280,C.McCaffrey,0,1,1,2025
00-0033319,N.Mullens,0,2,3,2025
00-0033357,T.Hill,0,5,6,2025
00-0033400,M.Haack,0,1,1,2025
00-0033662,C.Rush,3,3,53,2025
00-0033869,M.Trubisky,1,3,37,2025
00-0033873,P.Mahomes,14,14,537,2025
00-0033908,C.Kupp,0,1,1,2025
00-0033949,J.Dobbs,0,4,10,2025
00-0034348,C.Sutton,0,1,1,2025
00-0034577,K.Allen,0,1,2,2025
00-0034721,C.Bojorquez,0,1,1,2025
00-0034771,M.Rudolph,2,5,55,2025
00-0034796,L.Jackson,13,13,338,2025
00-0034827,D.Moore,0,1,1,2025
00-0034855,B.Mayfield,17,17,584,2025
00-0034857,J.Allen,18,18,584,2025
00-0034869,S.Darnold,20,20,599,2025
00-0034955,B.Rypien,0,1,1,2025
00-0035100,J.Browning,4,5,134,2025
00-0035228,K.Murray,5,5,177,2025
00-0035250,D.Singletary,0,1,1,2025
00-0035264,J.Stidham,1,1,34,2025
00-0035289,G.Minshew,0,2,13,2025
00-0035645,G.Olszewski,0,2,2,2025
00-0035685,D.Montgomery,0,3,3,2025
00-0035704,D.Lock,0,1,3,2025
00-0035710,D.Jones,12,13,409,2025
00-0035993,T.Huntley,4,4,74,2025
00-0036212,T.Tagovailoa,14,14,415,2025
00-0036259,J.Jennings,0,1,1,2025
00-0036264,J.Love,16,16,508,2025
00-0036290,C.Kmet,0,1,1,2025
00-0036355,J.Herbert,17,17,603,2025
00-0036389,J.Hurts,17,17,522,2025
00-0036414,C.Akers,0,1,1,2025
00-0036442,J.Burrow,8,8,278,2025
00-0036613,J.Waddle,0,1,1,2025
00-0036679,S.Buechele,1,1,19,2025
00-0036898,D.Mills,4,6,169,2025
00-0036945,J.Fields,9,9,233,2025
00-0036971,T.Lawrence,18,18,631,2025
00-0036972,M.Jones,8,9,308,2025
00-0037012,T.Lance,1,4,59,2025
00-0037013,Z.Wilson,0,3,11,2025
00-0037239,C.Olave,0,1,1,2025
00-0037324,C.Oladokun,3,3,62,2025
00-0037742,T.Burks,0,1,1,2025
00-0037834,B.Purdy,11,11,359,2025
00-0038102,K.Pickett,2,6,52,2025
00-0038120,B.Hall,0,1,1,2025
00-0038128,M.Willis,2,4,38,2025
00-0038400,T.McKee,1,2,46,2025
00-0038416,T.Bagent,0,2,4,2025
00-0038579,A.O'Connell,1,1,23,2025
00-0038582,C.Tune,1,2,20,2025
00-0039054,M.Mapu,0,1,1,2025
00-0039150,B.Young,17,17,548,2025
00-0039163,C.Stroud,16,16,531,2025
00-0039164,A.Richardson,0,1,2,2025
00-0039376,S.Rattler,8,9,272,2025
00-0039398,J.Milton,1,4,24,2025
00-0039451,I.Williams,0,1,1,2025
00-0039577,K.Slovis,0,2,2,2025
00-0039634,A.McNamara,0,1,1,2025
00-0039732,B.Nix,18,18,684,2025
00-0039851,D.Maye,21,21,682,2025
00-0039910,J.Daniels,7,7,205,2025
00-0039917,M.Penix,9,9,290,2025
00-0039918,C.Williams,19,19,686,2025
00-0039923,J.McCarthy,10,10,273,2025
00-0040128,T.Warren,0,1,1,2025
00-0040206,R.Leonard,2,5,70,2025
00-0040234,Q.Ewers,4,4,91,2025
00-0040398,B.Cook,5,5,173,2025
00-0040494,M.Brosmer,4,6,85,2025
00-0040563,E.Chism,0,1,1,2025
00-0040668,S.Sanders,8,8,235,2025
00-0040676,C.Ward,16,17,592,2025
00-0040691,J.Dart,12,12,375,2025
00-0040704,D.Gabriel,6,10,204,2025
00-0040730,R.Harvey,0,1,1,2025
00-0040743,T.Shough,10,11,356,2025
00-0040784,Q.Judkins,0,1,1,2025
