attempts,completion_rate,epa_per_play,epa_std,success_rate,big_play_rate,explosive_rate,turnover_worthy_rate,sack_rate,high_leverage_epa,red_zone_epa,third_down_epa,opp_adj_epa,opp_adj_success_rate,opp_adj_big_play_rate,avg_opp_defense_sp,opp_sp_coverage,avg_team_offense_sp,team_adj_epa,full_adj_epa,player_name,rookie_leaf_mean,draft_pick
605,0.9206611570247933,0.36650327971158936,1.6991030929016386,0.5636363636363636,0.1933884297520661,0.09752066115702479,0.04628099173553719,0.07933884297520662,0.0,0.22583154125033683,0.0,0.6193218957657946,0.5635673624288425,0.34724857685009486,28.74933586337761,0.8710743801652893,40.5,0.1438525372867988,0.4138525614990398,Bailey Zappe,-0.1165663874797361,137
436,0.9128440366972477,0.4927529505018247,1.720356414612276,0.5986238532110092,0.26376146788990823,0.10779816513761468,0.04357798165137615,0.0871559633027523,0.0,0.38434042563805215,0.0,0.8963250016590257,0.5986238532110092,0.41284403669724773,25.349311926605502,1.0,49.8,0.12466649647696171,0.5282385476341626,Baker Mayfield,0.0164108364982542,1
24,0.75,-0.45424160609642666,1.6890176418078258,0.375,0.125,0.0,0.08333333333333333,0.25,0.0,-1.1858314275741577,0.0,-0.8507945282186071,0.375,0.20833333333333334,29.100000000000005,1.0,0.0,-0.45424160609642666,-0.45424160609642666,Ben DiNucci,-0.4729410404618955,231
387,0.9147286821705426,0.14617088726584532,1.664916766371401,0.5167958656330749,0.16020671834625322,0.06459948320413436,0.05167958656330749,0.08527131782945736,0.0,0.4063522745581234,0.0,0.29068661861555073,0.5207756232686981,0.29085872576177285,22.806094182825486,0.9328165374677002,33.800000000000004,0.07206224742206176,0.21285230467020388,Brock Purdy,0.0760626250159369,262
315,0.7904761904761904,-0.3718265764297001,1.876519042900957,0.35873015873015873,0.1619047619047619,0.06031746031746032,0.13968253968253969,0.20952380952380953,0.0,-0.12791832288106278,0.0,-0.704250649109789,0.3527397260273973,0.21232876712328766,23.17431506849315,0.926984126984127,29.0,-0.21008201568278054,-0.5236892444268889,C.J. Beathard,-0.1707394729089748,104
286,0.9685314685314685,0.3090732727947973,1.435435682087678,0.5174825174825175,0.1888111888111888,0.1048951048951049,0.024475524475524476,0.03146853146853147,0.3919187457564253,0.4480595240171817,0.47179249831473113,0.5598104716936523,0.5174825174825175,0.3181818181818182,27.026573426573428,1.0,41.30000000000001,0.11760238029842036,0.3683395791972753,Cardale Jones,-0.7074195124284335,139
428,0.9789719626168224,0.49933354076988795,1.4100278105461683,0.5560747663551402,0.20327102803738317,0.09345794392523364,0.009345794392523364,0.02102803738317757,0.7393622168929506,0.6637873041815834,0.8044877715201327,0.9225056056249505,0.5560747663551402,0.34345794392523366,27.36238317757009,1.0,0.0,0.49933354076988795,0.49933354076988795,Cody Kessler,0.0269956447216944,93
399,0.9799498746867168,0.44872955892916644,1.4901675820598144,0.47869674185463656,0.2506265664160401,0.14786967418546365,0.015037593984962405,0.020050125313283207,0.9904058414014068,0.5893171481004713,0.8148113349948236,0.8322705603603495,0.47869674185463656,0.3558897243107769,27.359398496240598,1.0,35.69999999999999,0.20843488012259775,0.5919758815537809,Connor Cook,-0.4177917797697064,100
455,0.9912087912087912,0.4430213750205148,1.3416442512631783,0.5428571428571428,0.1912087912087912,0.10329670329670329,0.004395604395604396,0.008791208791208791,0.8029522106636713,0.8033452774024998,0.8477546564314062,0.7019411762411246,0.5413533834586466,0.2907268170426065,21.094736842105267,0.8769230769230769,40.19999999999999,0.1758794858831444,0.4542074342940704,Dak Prescott,0.1465490259269362,135
462,0.8809523809523809,0.00419266046190159,1.758548853849141,0.4393939393939394,0.170995670995671,0.06926406926406926,0.049783549783549784,0.11904761904761904,0.0,0.1623216234907812,0.0,0.015182229456371795,0.44028103044496486,0.2810304449648712,25.1887587822014,0.9242424242424242,30.5,0.002274518300581618,0.014597868161289083,Daniel Jones,-0.1519505766608283,6
212,0.9056603773584906,0.2557992704985839,1.690944030953029,0.5518867924528302,0.22169811320754718,0.08490566037735849,0.05188679245283019,0.09433962264150944,0.0,0.7480006217956543,0.0,0.4573637260123033,0.5518867924528302,0.33962264150943394,27.099999999999994,1.0,30.0,0.14068959877422116,0.34225405428794053,Davis Mills,-0.1852126131639208,67
390,0.8564102564102564,-0.00043305034433902716,1.8628594631825655,0.441025641025641,0.2,0.09487179487179487,0.07435897435897436,0.14358974358974358,0.0,-0.1315929542888295,0.0,-0.06362937409188661,0.4358974358974359,0.28774928774928776,25.68774928774928,0.9,39.39999999999999,-0.00017711759083466425,-0.04728351778571979,DeShone Kizer,-0.3139972880677403,52
613,0.8597063621533442,-0.03980757805350165,1.9731597379786623,0.499184339314845,0.18107667210440456,0.07504078303425775,0.10277324632952692,0.1402936378466558,0.0,0.09311818805607883,0.0,-0.13091214523548383,0.49566724436741766,0.28596187175043325,21.780415944540728,0.9412724306688418,43.5,-0.013833133373591829,-0.08629126729452714,Deshaun Watson,-0.2608106912645114,12
397,0.8992443324937027,0.10267648468690195,1.7215087889276524,0.5088161209068011,0.18639798488664988,0.060453400503778336,0.05793450881612091,0.10075566750629723,0.0,0.2500381657951756,0.0,0.16338942378541726,0.5084269662921348,0.30337078651685395,26.719943820224717,0.8967254408060453,37.5,0.044920962050519604,0.11681179983428355,Desmond Ridder,-0.107405704133691,74
425,0.908235294117647,0.21472708709099714,1.7986920047249944,0.5129411764705882,0.1976470588235294,0.10823529411764705,0.058823529411764705,0.09176470588235294,0.0,-0.16763108181503583,0.0,0.3735018110321954,0.5089514066496164,0.3145780051150895,23.326342710997444,0.92,41.30000000000001,0.08170365663812444,0.25461867008091466,Drew Lock,0.116720299850732,42
551,0.9328493647912885,0.36360341342953717,1.69605029354053,0.5571687840290381,0.21234119782214156,0.10163339382940109,0.032667876588021776,0.06715063520871144,0.0,0.2913645473686424,0.0,0.635798640916763,0.5571687840290381,0.35390199637023595,23.670961887477315,1.0,44.39999999999999,0.12144354008546543,0.3936387675726912,Dwayne Haskins,-0.575462035980848,15
657,0.923896499238965,0.18518779130831156,1.484561389484629,0.5083713850837138,0.1552511415525114,0.0593607305936073,0.0365296803652968,0.076103500761035,0.0,0.15440974057277787,0.0,0.34027722997900206,0.49696969696969695,0.2868686868686869,23.975353535353534,0.7534246575342466,38.800000000000004,0.07740849676687422,0.23701587977969288,Gardner Minshew II,-0.0479133845616439,178
368,0.9103260869565217,0.16278019438133293,1.5339650021154125,0.48097826086956524,0.1766304347826087,0.07065217391304347,0.043478260869565216,0.08967391304347826,0.0,-0.06558582049149732,0.0,0.2769507427138236,0.48097826086956524,0.29891304347826086,24.401902173913044,1.0,38.300000000000004,0.06926297270925716,0.18343352104174784,Ian Book,-1.16121555476473,133
379,0.978891820580475,0.29492004760203977,1.4074003180793304,0.46701846965699206,0.19261213720316622,0.09234828496042216,0.0158311345646438,0.021108179419525065,0.5315995364276873,0.42764700174774006,0.6018126768128371,0.5054252226939641,0.4586894586894587,0.27635327635327633,23.97777777777778,0.9261213720316622,36.199999999999996,0.1347784617541322,0.3558672818337858,Jacoby Brissett,-0.1133930913547199,91
423,0.8888888888888888,0.1516174176624199,1.6051277228434258,0.4657210401891253,0.19858156028368795,0.07328605200945626,0.04018912529550828,0.1111111111111111,0.0,0.8563023161243748,0.0,0.2744738648043136,0.45707070707070707,0.3005050505050505,26.463383838383837,0.9361702127659575,33.80000000000001,0.07474738690757303,0.21144425500989564,Jake Luton,-0.0634226464190384,189
389,0.9125964010282777,0.40275084014723417,1.8714977413782021,0.5655526992287918,0.2570694087403599,0.09511568123393316,0.043701799485861184,0.08740359897172237,0.0,0.36258269178456276,0.0,0.6675378842118233,0.5586592178770949,0.38268156424581007,25.452234636871513,0.9203084832904884,46.10000000000002,0.12424863418542176,0.41731828785313074,Jalen Hurts,0.1890527294635663,53
470,0.9765957446808511,0.48619038633562,1.4581813475947059,0.5659574468085107,0.20212765957446807,0.09148936170212765,0.014893617021276596,0.02127659574468085,0.6173881946982424,0.5735905659549988,0.7845342752223695,0.8038288567814388,0.5525114155251142,0.3287671232876712,21.500913242009133,0.9319148936170213,45.0,0.15801187555907648,0.4817487359137923,Jameis Winston,-0.0116285458922431,1
510,0.9705882352941176,0.4811605169334867,1.5261097498553688,0.5490196078431373,0.23529411764705882,0.10784313725490197,0.029411764705882353,0.029411764705882353,1.0667349249325553,0.702448048695662,0.835146795801142,0.8492215012292879,0.5395348837209303,0.3325581395348837,25.80604651162791,0.8431372549019608,41.3,0.18308157669319172,0.5577482655119947,Jared Goff,-0.349221070892647,1
368,0.9184782608695652,0.1113639192291252,1.650618907788701,0.45652173913043476,0.14945652173913043,0.09782608695652174,0.03804347826086957,0.08152173913043478,0.0,0.16114579737186432,0.0,0.2602291360517794,0.47335423197492166,0.2445141065830721,21.406269592476495,0.8668478260869565,36.89999999999999,0.04972398993580441,0.17983365766263823,Jarrett Stidham,-1.2896721074958306,133
575,0.9339130434782609,0.4049402197806731,1.563465437966442,0.591304347826087,0.20521739130434782,0.08521739130434783,0.034782608695652174,0.06608695652173913,0.0,0.7065179127233999,0.0,0.6644580546778067,0.5811808118081181,0.3210332103321033,22.628044280442808,0.9426086956521739,48.899999999999984,0.10791656857154942,0.3772819822569725,Joe Burrow,0.0169876301729278,1
339,0.8997050147492626,-0.023514671399530063,1.692647449725939,0.40412979351032446,0.19469026548672566,0.07669616519174041,0.04424778761061947,0.10029498525073746,0.0,0.08245252861696128,0.0,0.03720291012373279,0.4051094890510949,0.2956204379562044,28.771897810218977,0.8082595870206489,19.7,-0.016566086000968906,0.03837021448735116,Josh Allen,-0.1207762878778059,7
513,0.9083820662768031,0.22398920923645732,1.7535758909456234,0.5165692007797271,0.21832358674463936,0.09746588693957114,0.04678362573099415,0.09161793372319688,0.0,-0.18428255195048318,0.0,0.4150167072998606,0.5214592274678111,0.3261802575107296,28.118669527896998,0.9083820662768031,39.300000000000004,0.09194757039156574,0.2857641337393372,Josh Rosen,-0.2298309272198516,10
237,0.8818565400843882,0.19085215478506773,1.704078613199757,0.5654008438818565,0.20675105485232068,0.08860759493670886,0.05907172995780591,0.11814345991561181,0.0,0.00793144891136571,0.0,0.34240751944438313,0.5654008438818565,0.3333333333333333,21.44852320675105,1.0,45.3,0.061168115608614224,0.2127234802679296,Justin Fields,-0.2433074226759889,11
452,0.9026548672566371,0.17565206738304248,1.6295801613535705,0.48451327433628316,0.19911504424778761,0.07743362831858407,0.04424778761061947,0.09734513274336283,0.0,0.371129864551982,0.0,0.3072769495975422,0.46842105263157896,0.3026315789473684,26.431052631578947,0.8407079646017699,35.60000000000001,0.0818538634004978,0.22066224396397408,Justin Herbert,0.0573627447931921,6
295,0.9016949152542373,0.23395932892621574,1.7707694433259449,0.5152542372881356,0.2033898305084746,0.08813559322033898,0.04745762711864407,0.09830508474576272,0.0,0.3821600675582886,0.0,0.40670696788637317,0.5152542372881356,0.3423728813559322,25.3064406779661,1.0,37.69999999999999,0.10165532841844073,0.2744029673785981,Kellen Mond,-0.5457317529980913,66
467,0.8972162740899358,0.26542017135043217,1.778164933650237,0.5460385438972163,0.21413276231263384,0.08565310492505353,0.06638115631691649,0.10278372591006424,0.0,0.5852427756200071,0.0,0.41806717284459816,0.532258064516129,0.3617511520737327,26.91981566820276,0.9293361884368309,38.2,0.1133344131666345,0.2894029202515491,Kenny Pickett,-0.1545109651395489,20
294,0.9863945578231292,0.6127578584097395,1.498638022375741,0.6156462585034014,0.2585034013605442,0.1360544217687075,0.013605442176870748,0.013605442176870748,1.0152574082676644,0.8316663776198934,0.8518473380887234,0.9490462314244189,0.6079295154185022,0.3876651982378855,25.73348017621145,0.7721088435374149,44.5,0.20374198792123838,0.5958996056966653,Kevin Hogan,-0.4857403031757431,162
401,0.912718204488778,0.5438263336860777,1.8420670880726635,0.5785536159600998,0.2718204488778055,0.13466334164588528,0.03740648379052369,0.08728179551122195,0.0,0.4913187424341838,0.0,0.9760277779394495,0.5785536159600998,0.39900249376558605,26.10822942643391,1.0,54.0,0.10332700340035479,0.5355284476537266,Kyler Murray,-0.0663593879443622,1
457,0.9059080962800875,0.1854272624824188,1.7230158841995165,0.5010940919037199,0.1925601750547046,0.07439824945295405,0.05470459518599562,0.09409190371991247,0.0,-0.03942162295182546,0.0,0.33960268748945943,0.5,0.3097560975609756,22.130487804878047,0.8971553610503282,43.3,0.06499225550008779,0.2147321073640138,Lamar Jackson,-0.144389732611673,32
426,0.9389671361502347,0.4645395794524833,1.6760191347514,0.607981220657277,0.21830985915492956,0.07981220657276995,0.035211267605633804,0.06103286384976526,0.0,0.6591982841491699,0.0,0.7858877014189678,0.607981220657277,0.36384976525821594,22.8037558685446,1.0,46.8,0.13843279467684008,0.45978091664332454,Mac Jones,-0.011478853988985,15
383,0.8433420365535248,0.1159719233899608,1.9762834235764721,0.4699738903394256,0.2297650130548303,0.11488250652741515,0.08877284595300261,0.1566579634464752,0.0,0.49612083832422893,0.0,0.20212382818436328,0.4619718309859155,0.3126760563380282,28.112394366197176,0.9268929503916449,32.10000000000001,0.06013144227769468,0.16030458767163816,Malik Willis,-0.4194787990680296,86
398,0.9874371859296482,0.6858091137905253,1.5458546612148851,0.5879396984924623,0.271356783919598,0.13316582914572864,0.010050251256281407,0.01256281407035176,0.9979940116493508,0.4847798021176232,1.1526798849608106,1.1956958550385897,0.5765027322404371,0.39617486338797814,26.706830601092896,0.9195979899497487,48.10000000000002,0.1909978381906613,0.7206334837517292,Marcus Mariota,0.146068749741815,2
453,0.8763796909492274,0.09120316759870278,1.8660563208503214,0.46357615894039733,0.1986754966887417,0.08830022075055188,0.08167770419426049,0.12362030905077263,0.0,0.0022711645473133435,0.0,0.04977690685092469,0.4525,0.2875,22.79525,0.8830022075055187,38.5,0.038533338310451935,0.031703886512494624,Mitchell Trubisky,-0.1842378169193229,2
317,0.8675078864353313,0.16198229192747302,2.0695945291090814,0.4605678233438486,0.21451104100946372,0.10725552050473186,0.07570977917981073,0.13249211356466878,0.0,0.06714895585688149,0.0,0.30884602109648684,0.45964912280701753,0.32280701754385965,24.067368421052628,0.8990536277602523,43.0,0.057503713634252926,0.20533818329353082,Nathan Peterman,-0.2360363846321031,171
638,0.8573667711598746,0.12426022917972322,1.9347507766606866,0.4827586206896552,0.21003134796238246,0.10344827586206896,0.09717868338557993,0.1426332288401254,0.0,-0.11828538706136305,0.0,0.16770596279784086,0.47543859649122805,0.3333333333333333,28.25543859649123,0.8934169278996865,40.6,0.0485857496092718,0.09575122443114391,Patrick Mahomes,0.1709549461816212,10
425,0.9788235294117648,0.5267784707697204,1.4446311891895705,0.571764705882353,0.2376470588235294,0.10352941176470588,0.01647058823529412,0.021176470588235293,0.6747446334921697,0.6500958260421915,0.8323658924735955,1.010485132835235,0.5618811881188119,0.36386138613861385,29.827227722772278,0.9505882352941176,35.10000000000001,0.24942960590946267,0.7406441642941041,Paxton Lynch,0.0623433125620617,26
480,0.9333333333333333,0.28820229254973434,1.643576734524553,0.5375,0.21041666666666667,0.08125,0.03125,0.06666666666666667,0.0,0.03356420248746873,0.0,0.5187346274389255,0.5398633257403189,0.3462414578587699,27.17038724373576,0.9145833333333333,35.10000000000001,0.1364637855222992,0.3759308551320878,Ryan Finley,-0.5851547409654109,104
474,0.8607594936708861,0.20437158012314688,1.847877492194941,0.5253164556962026,0.23839662447257384,0.0949367088607595,0.06962025316455696,0.13924050632911392,0.0,0.3487332236199152,0.0,0.3815286282243419,0.5253164556962026,0.339662447257384,25.502953586497892,1.0,0.0,0.20437158012314688,0.20437158012314688,Sam Darnold,-0.0145699298979516,3
397,0.8639798488664987,0.10872525988282725,1.8892418815393328,0.47858942065491183,0.17632241813602015,0.08816120906801007,0.07052896725440806,0.13602015113350127,0.0,-0.4889756018916766,0.0,0.24256876993106238,0.47956403269754766,0.29427792915531337,26.047683923705712,0.924433249370277,37.800000000000004,0.04707803752926419,0.17095693844481694,Sam Howell,-0.4578595961141502,144
469,0.9829424307036247,0.289511396635925,1.3629447195799929,0.47761194029850745,0.17697228144989338,0.07249466950959488,0.014925373134328358,0.017057569296375266,0.5340070968685042,0.0852846379599269,0.5308653291283849,0.6302269971302438,0.49872122762148335,0.28388746803069054,26.747570332480812,0.8336886993603412,30.300000000000008,0.15792846686489706,0.47713426231698003,Sean Mannion,-0.2030038375684063,89
315,0.9015873015873016,0.19051826716297202,1.7808751190936856,0.4666666666666667,0.2126984126984127,0.10476190476190476,0.050793650793650794,0.09841269841269841,0.0,0.40944353077146745,0.0,0.442963491160001,0.46959459459459457,0.2905405405405405,25.99560810810811,0.9396825396825397,33.5,0.09478283791357861,0.3280314750083238,Skylar Thompson,-0.3596309354903609,247
484,0.9421487603305785,0.26268163191016053,1.5701975453753496,0.4772727272727273,0.17768595041322313,0.08884297520661157,0.030991735537190084,0.05785123966942149,0.0,0.20520757614298069,0.0,0.44239166727965334,0.48358862144420134,0.29540481400437635,23.332385120350114,0.9442148760330579,42.60000000000001,0.09482806911956795,0.2773202967210724,Trevor Lawrence,-0.1398522563381176,1
397,0.9168765743073047,0.4893625762961073,1.8707692440192936,0.5743073047858942,0.27204030226700254,0.10831234256926953,0.010075566750629723,0.08312342569269521,0.0,0.10985185019671917,0.0,0.7399160113133741,0.5646067415730337,0.3651685393258427,23.132865168539325,0.8967254408060453,47.7,0.13922365295624253,0.4280405917961276,Tua Tagovailoa,-0.0473925558279531,5
434,0.9078341013824884,0.31789650774908507,1.756974189465458,0.543778801843318,0.20967741935483872,0.10599078341013825,0.052995391705069124,0.09216589861751152,0.0,0.17256625652313232,0.0,0.5419471684713838,0.5371287128712872,0.31435643564356436,27.366831683168318,0.9308755760368663,41.10000000000001,0.12191331072177412,0.3597296784690738,Will Grier,-0.625739677371351,100
375,0.928,0.36222192001342773,1.7147317122768315,0.5733333333333334,0.208,0.112,0.050666666666666665,0.072,0.0,0.8912169882591735,0.0,0.5862714799909265,0.5636942675159236,0.3375796178343949,27.825159235668796,0.8373333333333334,39.19999999999999,0.14923543104553225,0.402053282143299,Zach Wilson,-0.2679621700216059,2
