attempts,season,epa_per_play_raw,total_epa_raw,success_rate_raw,avg_opponent_sp_defense,sos_percentile,epa_per_play_adj,big_play_rate,third_down_epa,third_down_attempts,red_zone_epa,red_zone_attempts,high_leverage_epa,high_leverage_rate,scoring_play_rate,player_name,draft_year,college,seasons_played
436,2006,0.2755065240444393,120.12084448337555,0.5298165137614679,23.112605042016806,50.0,0.2755065240444393,0.1720183486238532,,0,0.5251400896481105,56,0.5251400896481105,0.12844036697247707,0.08486238532110092,Brady Quinn,2007,Notre Dame,3
269,2006,0.1143338700763355,30.75581105053425,0.45353159851301117,23.112605042016806,50.0,0.1143338700763355,0.17100371747211895,,0,0.3735180854797363,30,0.3735180854797363,0.11152416356877323,0.04460966542750929,Drew Stanton,2007,Michigan State,3
125,2006,0.1582994210422039,19.787427630275488,0.472,23.112605042016806,50.0,0.1582994210422039,0.184,,0,0.35867059230804443,10,0.35867059230804443,0.08,0.056,Isaiah Stanback,2007,Washington,3
325,2006,0.3610581658436702,117.34390389919281,0.5661538461538461,23.112605042016806,50.0,0.3610581658436702,0.2246153846153846,,0,0.6876913751874651,35,0.6876913751874651,0.1076923076923077,0.08307692307692308,JaMarcus Russell,2007,LSU,3
386,2006,0.42367300020598375,163.53777807950974,0.5880829015544041,23.112605042016806,50.0,0.42367300020598375,0.24611398963730569,,0,0.3342739878029659,58,0.3342739878029659,0.15025906735751296,0.07253886010362694,John Beck,2007,BYU,3
424,2006,0.27696194747498015,117.43186572939157,0.5,23.112605042016806,50.0,0.27696194747498015,0.2169811320754717,,0,0.07381176013572543,51,0.07381176013572543,0.12028301886792453,0.06839622641509434,Kevin Kolb,2007,Houston,3
136,2006,-0.02311457649749868,-3.1435824036598206,0.4632352941176471,23.112605042016806,50.0,-0.02311457649749868,0.1323529411764706,,0,0.43745053898204456,11,0.43745053898204456,0.08088235294117647,0.04411764705882353,Trent Edwards,2007,Stanford,3
306,2006,0.33033455070716883,101.08237251639366,0.545751633986928,23.112605042016806,50.0,0.33033455070716883,0.1895424836601307,,0,0.7760599454243978,45,0.7760599454243978,0.14705882352941177,0.09803921568627451,Troy Smith,2007,Ohio State,3
459,2007,0.3126083936599085,143.487252689898,0.5337690631808278,27.040000000000003,50.0,0.3126083936599085,0.19825708061002179,,0,0.2001957967877388,64,0.2001957967877388,0.1394335511982571,0.06535947712418301,Brian Brohm,2008,Louisville,4
258,2007,0.2835736736770748,73.1620078086853,0.5348837209302325,27.040000000000003,50.0,0.2835736736770748,0.17829457364341086,,0,0.39607627732413153,35,0.39607627732413153,0.13565891472868216,0.06589147286821706,Chad Henne,2008,Michigan,4
246,2007,0.16060128020561806,39.50791493058205,0.508130081300813,27.040000000000003,50.0,0.16060128020561806,0.17886178861788618,,0,0.026010780623464874,33,0.026010780623464874,0.13414634146341464,0.08130081300813008,Dennis Dixon,2008,Oregon,4
40,2007,0.5095569372177124,20.382277488708496,0.6,27.040000000000003,50.0,0.5095569372177124,0.325,,0,0.037211338678995766,6,0.037211338678995766,0.15,0.1,Joe Flacco,2008,Delaware,1
324,2007,0.07768910240243983,25.171269178390503,0.4722222222222222,27.040000000000003,50.0,0.07768910240243983,0.17592592592592593,,0,0.030675545982692547,69,0.030675545982692547,0.21296296296296297,0.07098765432098765,John David Booty,2008,USC,2
592,2007,0.20167005059586182,119.3886699527502,0.5152027027027027,27.040000000000003,50.0,0.20167005059586182,0.16722972972972974,,0,0.16020981945208648,67,0.16020981945208648,0.11317567567567567,0.052364864864864864,Matt Ryan,2008,Boston College,4
343,2008,0.17894951829757358,61.379684776067734,0.4868804664723032,25.389999999999997,50.0,0.17894951829757358,0.19825072886297376,,0,-0.07463677724202473,30,-0.07463677724202473,0.08746355685131195,0.05830903790087463,Josh Freeman,2009,Kansas State,3
326,2008,0.38451594393128996,125.35219772160053,0.5920245398773006,25.389999999999997,50.0,0.38451594393128996,0.25766871165644173,,0,0.39419847184961493,55,0.39419847184961493,0.1687116564417178,0.10429447852760736,Mark Sanchez,2009,USC,3
367,2008,0.3705885667729443,136.00600400567055,0.5149863760217984,25.389999999999997,50.0,0.3705885667729443,0.22888283378746593,,0,0.2965635729999077,41,0.2965635729999077,0.11171662125340599,0.0681198910081744,Matthew Stafford,2009,Georgia,3
254,2008,0.0016858895697931604,0.42821595072746277,0.4330708661417323,25.389999999999997,50.0,0.0016858895697931604,0.16535433070866143,,0,0.23936392980463364,34,0.23936392980463364,0.13385826771653545,0.08267716535433071,Pat White,2009,West Virginia,4
32,2008,0.5433925352990627,17.388561129570007,0.5625,25.389999999999997,50.0,0.5433925352990627,0.21875,,0,,0,,0.0,0.03125,Rhett Bomar,2009,Sam Houston State,1
85,2008,0.12775074524037977,10.858813345432281,0.4117647058823529,25.389999999999997,50.0,0.12775074524037977,0.11764705882352941,,0,-0.5565369129180908,9,-0.5565369129180908,0.10588235294117647,0.023529411764705882,Stephen McGee,2009,Texas A&M,4
327,2008,0.24542514119149167,80.25402116961777,0.5443425076452599,25.389999999999997,50.0,0.24542514119149167,0.1651376146788991,,0,0.31702752113342286,35,0.31702752113342286,0.10703363914373089,0.05504587155963303,Tom Brandstater,2009,Fresno State,4
452,2009,0.20969457466122324,94.7819477468729,0.504424778761062,25.536666666666665,50.0,0.20969457466122324,0.1504424778761062,,0,0.27704931240455777,51,0.27704931240455777,0.11283185840707964,0.05752212389380531,Colt McCoy,2010,Texas,4
406,2009,0.2453363681294648,99.6065654605627,0.5369458128078818,25.536666666666665,50.0,0.2453363681294648,0.14532019704433496,,0,0.2669831055861253,65,0.2669831055861253,0.16009852216748768,0.06157635467980296,Dan LeFevour,2010,Central Michigan,4
409,2009,0.32078263741032126,131.2000987008214,0.5574572127139364,25.536666666666665,50.0,0.32078263741032126,0.1882640586797066,,0,0.08102583466914662,57,0.08102583466914662,0.1393643031784841,0.07090464547677261,Jimmy Clausen,2010,Notre Dame,3
352,2009,0.167178107552569,58.846693858504295,0.4914772727272727,25.536666666666665,50.0,0.167178107552569,0.19886363636363635,,0,0.2185456082224846,48,0.2185456082224846,0.13636363636363635,0.07670454545454546,Jonathan Crompton,2010,Tennessee,4
65,2009,0.12139154947721041,7.890450716018677,0.5076923076923077,25.536666666666665,50.0,0.12139154947721041,0.18461538461538463,,0,-0.7668648866506723,13,-0.7668648866506723,0.2,0.03076923076923077,Sam Bradford,2010,Oklahoma,3
319,2009,0.18835727309919076,60.08597011864185,0.49843260188087773,25.536666666666665,50.0,0.18835727309919076,0.21316614420062696,,0,-0.606957577523731,42,-0.606957577523731,0.13166144200626959,0.06583072100313479,Tim Tebow,2010,Florida,4
304,2009,0.32027568903408554,97.363809466362,0.5328947368421053,25.536666666666665,50.0,0.32027568903408554,0.1875,,0,0.23858940844633142,49,0.23858940844633142,0.1611842105263158,0.09539473684210527,Tony Pike,2010,Cincinnati,3
286,2010,0.40816851119165654,116.73619420081377,0.5909090909090909,26.685833333333335,50.0,0.40816851119165654,0.1993006993006993,,0,0.789314739631884,33,0.789314739631884,0.11538461538461539,0.0979020979020979,Andy Dalton,2011,TCU,4
408,2010,0.16490555393929576,67.28146600723267,0.5245098039215687,26.685833333333335,50.0,0.16490555393929576,0.13725490196078433,,0,0.17359956535133156,37,0.17359956535133156,0.09068627450980392,0.03676470588235294,Blaine Gabbert,2011,Missouri,3
283,2010,0.13403016823761876,37.93053761124611,0.4840989399293286,26.685833333333335,50.0,0.13403016823761876,0.1978798586572438,,0,0.2719097187121709,48,0.2719097187121709,0.1696113074204947,0.0706713780918728,Christian Ponder,2011,Florida State,4
330,2010,0.4182603472109997,138.0259145796299,0.5636363636363636,26.685833333333335,50.0,0.4182603472109997,0.19696969696969696,,0,0.2574040743769432,49,0.2574040743769432,0.1484848484848485,0.06363636363636363,Colin Kaepernick,2011,Nevada,4
307,2010,0.07679061712970174,23.574719458818436,0.46254071661237783,26.685833333333335,50.0,0.07679061712970174,0.1563517915309446,,0,0.6180113348467596,29,0.6180113348467596,0.09446254071661238,0.05863192182410423,Jake Locker,2011,Washington,4
339,2010,0.150235059536488,50.929685182869434,0.4749262536873156,26.685833333333335,50.0,0.150235059536488,0.18289085545722714,,0,-0.20905354348095972,44,-0.20905354348095972,0.12979351032448377,0.05604719764011799,Nathan Enderle,2011,Idaho,4
336,2010,0.2967146250995852,99.69611403346062,0.5267857142857143,26.685833333333335,50.0,0.2967146250995852,0.21428571428571427,,0,0.30677388152297663,49,0.30677388152297663,0.14583333333333334,0.0744047619047619,Ricky Stanzi,2011,Iowa,2
392,2010,0.3364700732790694,131.8962687253952,0.5153061224489796,26.685833333333335,50.0,0.3364700732790694,0.25510204081632654,,0,0.5101749897003174,48,0.5101749897003174,0.12244897959183673,0.07908163265306123,Ryan Mallett,2011,Arkansas,2
324,2010,0.2540629923424143,82.31640951894224,0.48148148148148145,26.685833333333335,50.0,0.2540629923424143,0.19135802469135801,,0,-0.11715579926967626,40,-0.11715579926967626,0.12345679012345678,0.07407407407407407,Tyrod Taylor,2011,Virginia Tech,4
382,2011,0.41145069378364774,157.17416502535343,0.5890052356020943,26.81833333333333,50.0,0.41145069378364774,0.19895287958115182,,0,0.42843040858998016,85,0.42843040858998016,0.22251308900523561,0.0968586387434555,Andrew Luck,2012,Stanford,3
528,2011,0.25058255578871025,132.30758945643902,0.5700757575757576,26.81833333333333,50.0,0.25058255578871025,0.19886363636363635,,0,-0.002172974653022239,86,-0.002172974653022239,0.16287878787878787,0.07196969696969698,Brandon Weeden,2012,Oklahoma State,4
494,2011,0.2338814911572074,115.53745663166046,0.5040485829959515,26.81833333333333,50.0,0.2338814911572074,0.19838056680161945,,0,0.17583452609547398,57,0.17583452609547398,0.11538461538461539,0.05263157894736842,Brock Osweiler,2012,Arizona State,3
391,2011,0.3233119556037209,126.41497464105487,0.5370843989769821,26.81833333333333,50.0,0.3233119556037209,0.16624040920716113,,0,0.3699956107557866,57,0.3699956107557866,0.14578005115089515,0.06649616368286446,Kirk Cousins,2012,Michigan State,4
513,2011,0.43679535043286066,224.07601477205753,0.5672514619883041,26.81833333333333,50.0,0.43679535043286066,0.17348927875243664,,0,0.32537934563376686,55,0.32537934563376686,0.10721247563352826,0.05263157894736842,Nick Foles,2012,Arizona,3
396,2011,0.46927764497208174,185.83394740894437,0.5732323232323232,26.81833333333333,50.0,0.46927764497208174,0.2196969696969697,,0,0.194686553417108,39,0.194686553417108,0.09848484848484848,0.09343434343434344,Robert Griffin III,2012,Baylor,3
310,2011,0.5080847397146205,157.50626931153238,0.6,26.81833333333333,50.0,0.5080847397146205,0.24838709677419354,,0,0.9390998421883097,49,0.9390998421883097,0.15806451612903225,0.10967741935483871,Russell Wilson,2012,Wisconsin,1
405,2011,0.21060545059081948,85.29520748928189,0.45925925925925926,26.81833333333333,50.0,0.21060545059081948,0.18024691358024691,,0,0.015754399628474778,58,0.015754399628474778,0.14320987654320988,0.05185185185185185,Ryan Lindley,2012,San Diego State,4
475,2011,0.25720113043722354,122.17053695768118,0.5284210526315789,26.81833333333333,50.0,0.25720113043722354,0.17473684210526316,,0,0.4224229896510089,54,0.4224229896510089,0.11368421052631579,0.061052631578947365,Ryan Tannehill,2012,Texas A&M,4
390,2012,0.11608510449146613,45.27319075167179,0.517948717948718,27.554032258064517,50.0,0.11608510449146613,0.20512820512820512,,0,0.11341910627153184,45,0.11341910627153184,0.11538461538461539,0.05897435897435897,EJ Manuel,2013,Florida State,2
491,2012,0.27815558352031555,136.57439150847495,0.5560081466395111,27.554032258064517,50.0,0.27815558352031555,0.15885947046843177,,0,-0.050024224364239235,69,-0.050024224364239235,0.14052953156822812,0.09164969450101833,Geno Smith,2013,West Virginia,4
501,2012,0.40625291914045214,203.53271248936653,0.5888223552894212,27.554032258064517,50.0,0.40625291914045214,0.17764471057884232,,0,0.7231517468179975,70,0.7231517468179975,0.13972055888223553,0.06187624750499002,Landry Jones,2013,Oklahoma,4
356,2012,0.34845344751571,124.04942731559277,0.5168539325842697,27.554032258064517,50.0,0.34845344751571,0.22752808988764045,,0,0.3031126403808594,50,0.3031126403808594,0.1404494382022472,0.10112359550561797,Matt Barkley,2013,USC,4
534,2012,0.16300007227933808,87.04203859716654,0.47191011235955055,27.554032258064517,50.0,0.16300007227933808,0.15168539325842698,,0,0.17160349352317944,57,0.17160349352317944,0.10674157303370786,0.0599250936329588,Mike Glennon,2013,NC State,4
434,2012,0.3644953631207965,158.19098759442568,0.5368663594470046,27.554032258064517,50.0,0.3644953631207965,0.22580645161290322,,0,0.26256260606977677,63,0.26256260606977677,0.14516129032258066,0.059907834101382486,Ryan Nassib,2013,Syracuse,4
360,2012,0.2903362250369456,104.52104101330042,0.525,27.554032258064517,50.0,0.2903362250369456,0.225,,0,-0.3112205790013683,49,-0.3112205790013683,0.1361111111111111,0.058333333333333334,Tyler Wilson,2013,Arkansas,5
314,2013,0.3865456751957061,121.37534201145172,0.5414012738853503,28.000000000000004,50.0,0.3865456751957061,0.21337579617834396,,0,0.22917542586455475,37,0.22917542586455475,0.1178343949044586,0.08917197452229299,AJ McCarron,2014,Alabama,3
319,2013,0.4319140317391452,137.78057612478733,0.567398119122257,28.000000000000004,50.0,0.4319140317391452,0.219435736677116,,0,0.16445876517385807,53,0.16445876517385807,0.16614420062695925,0.08463949843260188,Aaron Murray,2014,Georgia,4
356,2013,0.4961092833722575,176.61490488052368,0.6123595505617978,28.000000000000004,50.0,0.4961092833722575,0.22752808988764045,,0,0.4626295116712462,53,0.4626295116712462,0.14887640449438203,0.0702247191011236,Blake Bortles,2014,UCF,3
585,2013,0.2946605813426849,172.37644008547068,0.5452991452991452,28.000000000000004,50.0,0.2946605813426849,0.20341880341880342,,0,0.1703356102893227,95,0.1703356102893227,0.1623931623931624,0.08205128205128205,Derek Carr,2014,Fresno State,4
88,2013,0.3247639878906987,28.579230934381485,0.5,28.000000000000004,50.0,0.3247639878906987,0.20454545454545456,,0,1.4113556543986003,9,1.4113556543986003,0.10227272727272728,0.10227272727272728,Jimmy Garoppolo,2014,Eastern Illinois,3
378,2013,0.6304749007184038,238.31951247155666,0.6216931216931217,28.000000000000004,50.0,0.6304749007184038,0.2698412698412698,,0,0.6708290732425192,46,0.6708290732425192,0.12169312169312169,0.09788359788359788,Johnny Manziel,2014,Texas A&M,2
366,2013,0.2809686075712814,102.83451037108898,0.4890710382513661,28.000000000000004,50.0,0.2809686075712814,0.20765027322404372,,0,0.45393263612474716,35,0.45393263612474716,0.09562841530054644,0.04371584699453552,Logan Thomas,2014,Virginia Tech,4
407,2013,0.4697393189374293,191.18390280753374,0.5921375921375921,28.000000000000004,50.0,0.4697393189374293,0.2285012285012285,,0,0.4801767251708291,44,0.4801767251708291,0.10810810810810811,0.07862407862407862,Teddy Bridgewater,2014,Louisville,3
388,2014,0.09515179193473046,36.91889527067542,0.4845360824742268,27.3234375,50.0,0.09515179193473046,0.14948453608247422,,0,0.21059401830037436,36,0.21059401830037436,0.09278350515463918,0.04896907216494845,Brett Hundley,2015,UCLA,3
408,2014,0.2623136284779392,107.0239604189992,0.5245098039215687,27.3234375,50.0,0.2623136284779392,0.18627450980392157,,0,-0.10035996387402217,48,-0.10035996387402217,0.11764705882352941,0.07352941176470588,Bryce Petty,2015,Baylor,4
461,2014,0.19071333464275472,87.91884727030993,0.5509761388286334,27.3234375,50.0,0.19071333464275472,0.22125813449023862,,0,0.24331885835398798,46,0.24331885835398798,0.09978308026030369,0.05422993492407809,Jameis Winston,2015,Florida St.,2
461,2014,0.34286945192001905,158.06281733512878,0.527114967462039,27.3234375,50.0,0.34286945192001905,0.25162689804772237,,0,0.06065283715724945,72,0.06065283715724945,0.1561822125813449,0.0911062906724512,Marcus Mariota,2015,Oregon,3
454,2014,-0.03884728974970427,-17.636669546365738,0.45374449339207046,27.3234375,50.0,-0.03884728974970427,0.16079295154185022,,0,-0.5303937915771727,63,-0.5303937915771727,0.13876651982378854,0.03524229074889868,Sean Mannion,2015,Oregon St.,4
382,2014,-0.04697407657251308,-17.944097250699997,0.43717277486910994,27.3234375,50.0,-0.04697407657251308,0.12827225130890052,,0,-0.6109418540165342,29,-0.6109418540165342,0.07591623036649214,0.01832460732984293,Trevor Siemian,2015,Northwestern,4
360,2015,0.43405770216551093,156.26077277958393,0.5694444444444444,27.526562499999997,50.0,0.43405770216551093,0.26944444444444443,,0,0.7931007851253856,44,0.7931007851253856,0.12222222222222222,0.08333333333333333,Brandon Allen,2016,Arkansas,4
502,2015,0.3739099076752406,187.7027736529708,0.5617529880478087,27.526562499999997,50.0,0.3739099076752406,0.2290836653386454,,0,0.46213791403971927,71,0.46213791403971927,0.14143426294820718,0.08764940239043825,Brandon Doughty,2016,Western Kentucky,5
179,2015,-0.01714584814103622,-3.0691068172454834,0.46368715083798884,27.526562499999997,50.0,-0.01714584814103622,0.2122905027932961,,0,-0.44770673343113493,14,-0.44770673343113493,0.0782122905027933,0.0446927374301676,Cardale Jones,2016,Ohio St.,3
29,2014,-0.0413851563272805,-1.2001695334911344,0.5172413793103449,27.3234375,50.0,-0.0413851563272805,0.13793103448275862,,0,-1.223363447189331,5,-1.223363447189331,0.1724137931034483,0.0,Carson Wentz,2016,North Dakota St.,1
456,2015,0.15121340781058135,68.9533139616251,0.48464912280701755,27.526562499999997,50.0,0.15121340781058135,0.18640350877192982,,0,0.15593483401279823,51,0.15593483401279823,0.1118421052631579,0.06359649122807018,Cody Kessler,2016,USC,4
377,2015,0.2853384939879574,107.57261223345995,0.493368700265252,27.526562499999997,50.0,0.2853384939879574,0.2413793103448276,,0,0.2601878704168858,39,0.2601878704168858,0.10344827586206896,0.0610079575596817,Connor Cook,2016,Michigan St.,4
473,2015,0.19490569302240388,92.19039279959703,0.507399577167019,27.526562499999997,50.0,0.19490569302240388,0.16279069767441862,,0,0.4158377746740977,48,0.4158377746740977,0.1014799154334038,0.05496828752642706,Dak Prescott,2016,Mississippi St.,4
401,2015,0.0094401940443272,3.7855178117752075,0.4239401496259352,27.526562499999997,50.0,0.0094401940443272,0.13216957605985039,,0,0.06036820051805029,53,0.06036820051805029,0.13216957605985039,0.04987531172069826,Jacoby Brissett,2016,North Carolina St.,2
385,2015,0.18795050427124096,72.36094414442778,0.5142857142857142,27.526562499999997,50.0,0.18795050427124096,0.21298701298701297,,0,0.3000334384394627,51,0.3000334384394627,0.13246753246753246,0.05454545454545454,Jake Rudock,2016,Michigan,2
512,2015,0.3335322438797448,170.76850886642933,0.552734375,27.526562499999997,50.0,0.3335322438797448,0.21875,,0,0.42121192663908,80,0.42121192663908,0.15625,0.0859375,Jared Goff,2016,California,3
441,2015,0.24661098510256654,108.75544443023185,0.5124716553287982,27.526562499999997,50.0,0.24661098510256654,0.26077097505668934,,0,0.34112100167707965,44,0.34112100167707965,0.09977324263038549,0.061224489795918366,Jeff Driskel,2016,Louisiana Tech,1
308,2015,0.3732939265765153,114.97452938556671,0.5454545454545454,27.526562499999997,50.0,0.3732939265765153,0.21428571428571427,,0,0.2246262611344803,43,0.2246262611344803,0.1396103896103896,0.08766233766233766,Kevin Hogan,2016,Stanford,4
366,2015,0.40503773370075746,148.24381053447723,0.5628415300546448,27.526562499999997,50.0,0.40503773370075746,0.25956284153005466,,0,0.051331162452697754,44,0.051331162452697754,0.12021857923497267,0.07650273224043716,Nate Sudfeld,2016,Indiana,4
427,2015,0.3073983177263508,131.25908166915178,0.5081967213114754,27.526562499999997,50.0,0.3073983177263508,0.22482435597189696,,0,0.05832647283871969,48,0.05832647283871969,0.11241217798594848,0.06557377049180328,Paxton Lynch,2016,Memphis,3
305,2016,-0.36021149490700394,-109.8645059466362,0.3639344262295082,28.057812500000004,50.0,-0.36021149490700394,0.14754098360655737,,0,-0.12190850824117659,32,-0.12190850824117659,0.10491803278688525,0.05573770491803279,C.J. Beathard,2017,Iowa,4
576,2016,-0.08031230481962363,-46.25988757610321,0.4375,28.057812500000004,50.0,-0.08031230481962363,0.1684027777777778,,0,0.0984770485333034,70,0.0984770485333034,0.12152777777777778,0.06770833333333333,Davis Webb,2017,California,1
360,2016,0.05458341474760282,19.650029309137015,0.4583333333333333,28.057812500000004,50.0,0.05458341474760282,0.21666666666666667,,0,-0.16162763118743897,50,-0.16162763118743897,0.1388888888888889,0.07222222222222222,DeShone Kizer,2017,Notre Dame,2
562,2016,-0.06601332940718033,-37.099491126835346,0.5,28.057812500000004,50.0,-0.06601332940718033,0.2206405693950178,,0,0.07527465879181285,81,0.07527465879181285,0.14412811387900357,0.07473309608540925,Deshaun Watson,2017,Clemson,3
363,2016,-0.12851567481215992,-46.65118995681405,0.45454545454545453,28.057812500000004,50.0,-0.12851567481215992,0.20110192837465565,,0,-0.5881612333091529,37,-0.5881612333091529,0.10192837465564739,0.07713498622589532,Joshua Dobbs,2017,Tennessee,4
299,2016,0.19761470064869693,59.08679549396038,0.4782608695652174,28.057812500000004,50.0,0.19761470064869693,0.24414715719063546,,0,0.08766020428050648,33,0.08766020428050648,0.11036789297658862,0.09698996655518395,Nathan Peterman,2017,Pittsburgh,2
573,2016,0.12218523081587092,70.01213725749403,0.4869109947643979,28.057812500000004,50.0,0.12218523081587092,0.2111692844677138,,0,-0.19290368067912567,78,-0.19290368067912567,0.13612565445026178,0.07504363001745201,Patrick Mahomes,2017,Texas Tech,3
407,2017,0.4656061028892344,189.5016838759184,0.5847665847665847,27.235156250000003,50.0,0.4656061028892344,0.28255528255528256,,0,0.33241473833719887,60,0.33241473833719887,0.14742014742014742,0.10565110565110565,Baker Mayfield,2018,Oklahoma,3
280,2017,0.16672678434156946,46.68349961563945,0.4357142857142857,27.235156250000003,50.0,0.16672678434156946,0.19285714285714287,,0,0.3805024334878633,33,0.3805024334878633,0.11785714285714285,0.060714285714285714,Danny Etling,2018,LSU,2
266,2017,0.03226285691099955,8.581919938325882,0.41353383458646614,27.235156250000003,50.0,0.03226285691099955,0.18045112781954886,,0,0.10200032111137144,31,0.10200032111137144,0.11654135338345864,0.06015037593984962,Josh Allen,2018,Wyoming,3
428,2017,0.22510388803398498,96.34446407854557,0.5257009345794392,27.235156250000003,50.0,0.22510388803398498,0.24766355140186916,,0,-0.29976763563641046,59,-0.29976763563641046,0.1378504672897196,0.06542056074766354,Josh Rosen,2018,UCLA,3
34,2016,0.5893474168637219,20.037812173366547,0.6470588235294118,28.057812500000004,50.0,0.5893474168637219,0.2647058823529412,,0,1.308942699432373,5,1.308942699432373,0.14705882352941177,0.08823529411764706,Kyle Lauletta,2018,Richmond,2
418,2017,0.2342763524413394,97.92751532047987,0.5167464114832536,27.235156250000003,50.0,0.2342763524413394,0.24401913875598086,,0,-0.02291770314061363,43,-0.02291770314061363,0.10287081339712918,0.0645933014354067,Lamar Jackson,2018,Louisville,3
404,2017,0.26847316029638346,108.46315675973892,0.5198019801980198,27.235156250000003,50.0,0.26847316029638346,0.2599009900990099,,0,-0.21906122953995413,46,-0.21906122953995413,0.11386138613861387,0.07178217821782178,Logan Woodside,2018,Toledo,4
570,2017,0.09311291513997212,53.07436162978411,0.49122807017543857,27.235156250000003,50.0,0.09311291513997212,0.16666666666666666,,0,-0.21901007236972933,62,-0.21901007236972933,0.10877192982456141,0.043859649122807015,Mike White,2018,Western Kentucky,2
463,2017,0.2262027979733877,104.7318954616785,0.5334773218142549,27.235156250000003,50.0,0.2262027979733877,0.24838012958963282,,0,0.3487332236199152,42,0.3487332236199152,0.09071274298056156,0.058315334773218146,Sam Darnold,2018,USC,2
420,2017,0.09363791059170451,39.32792244851589,0.44047619047619047,27.235156250000003,50.0,0.09363791059170451,0.20238095238095238,,0,-0.4492926368346581,52,-0.4492926368346581,0.12380952380952381,0.06428571428571428,Tanner Lee,2018,Nebraska,1
481,2018,-0.015418288210821255,-7.416196629405023,0.4407484407484408,27.90692307692308,50.0,-0.015418288210821255,0.16216216216216217,,0,-0.1138913214206696,40,-0.1138913214206696,0.08316008316008316,0.04158004158004158,Clayton Thorson,2019,Northwestern,4
386,2018,0.018540153405363694,7.1564992144703865,0.45077720207253885,27.90692307692308,50.0,0.018540153405363694,0.14507772020725387,,0,0.1148613438461766,33,0.1148613438461766,0.08549222797927461,0.05958549222797927,Daniel Jones,2019,Duke,3
411,2018,0.2238374519957243,91.99719277024269,0.5206812652068127,27.90692307692308,50.0,0.2238374519957243,0.1873479318734793,,0,-0.0973389720916748,50,-0.0973389720916748,0.12165450121654502,0.072992700729927,Drew Lock,2019,Missouri,4
521,2018,0.3681261074405714,191.7937019765377,0.5623800383877159,27.90692307692308,50.0,0.3681261074405714,0.22264875239923224,,0,0.3067665838859451,71,0.3067665838859451,0.1362763915547025,0.09980806142034548,Dwayne Haskins,2019,Ohio St.,2
355,2018,0.11522977673251864,40.90657074004412,0.4591549295774648,27.90692307692308,50.0,0.11522977673251864,0.19718309859154928,,0,0.10689372155401441,36,0.10689372155401441,0.10140845070422536,0.05352112676056338,Jarrett Stidham,2019,Auburn,2
377,2018,0.5624096795264385,212.0284491814673,0.5888594164456233,27.90692307692308,50.0,0.5624096795264385,0.27586206896551724,,0,0.5029213598796299,49,0.5029213598796299,0.129973474801061,0.11140583554376658,Kyler Murray,2019,Oklahoma,2
467,2018,0.2836883888286748,132.48247758299112,0.5396145610278372,27.90692307692308,50.0,0.2836883888286748,0.22055674518201285,,0,0.05563752497396164,62,0.05563752497396164,0.13276231263383298,0.055674518201284794,Ryan Finley,2019,North Carolina St.,3
385,2018,0.3922964896861609,151.03414852917194,0.574025974025974,27.90692307692308,50.0,0.3922964896861609,0.2077922077922078,,0,0.2004887746727985,46,0.2004887746727985,0.11948051948051948,0.09610389610389611,Will Grier,2019,West Virginia,2
24,2019,-0.45424160609642666,-10.90179854631424,0.375,27.632818600314675,50.0,-0.45424160609642666,0.20833333333333334,,0,-1.1858314275741577,2,-1.1858314275741577,0.08333333333333333,0.0,Ben DiNucci,2020,James Madison,2
398,2019,0.11486284037930282,45.715410470962524,0.47738693467336685,27.632818600314675,50.0,0.11486284037930282,0.1934673366834171,,0,0.18743213556580623,59,0.18743213556580623,0.14824120603015076,0.06030150753768844,Jacob Eason,2020,Washington,1
375,2019,0.1547450652519862,58.02939946949482,0.48,27.632818600314675,50.0,0.1547450652519862,0.20533333333333334,,0,0.36393978274785554,52,0.36393978274785554,0.13866666666666666,0.06666666666666667,Jake Fromm,2020,Georgia,3
361,2019,0.18367327002607223,66.30605047941208,0.47368421052631576,27.632818600314675,50.0,0.18367327002607223,0.1772853185595568,,0,0.9269791408018633,33,0.9269791408018633,0.09141274238227147,0.08033240997229917,Jake Luton,2020,Oregon St.,3
348,2019,0.4534418797869792,157.79777416586876,0.5804597701149425,27.632818600314675,50.0,0.4534418797869792,0.29310344827586204,,0,0.2868342841113055,54,0.2868342841113055,0.15517241379310345,0.09482758620689655,Jalen Hurts,2020,Oklahoma,2
345,2019,0.15139428137437158,52.23102707415819,0.45507246376811594,27.632818600314675,50.0,0.15139428137437158,0.2,,0,-0.24232991148785846,41,-0.24232991148785846,0.11884057971014493,0.04057971014492753,James Morgan,2020,Florida International,2
536,2019,0.4163848758021842,223.18229342997074,0.5988805970149254,27.632818600314675,50.0,0.4163848758021842,0.2537313432835821,,0,0.6457847282290459,80,0.6457847282290459,0.14925373134328357,0.11194029850746269,Joe Burrow,2020,LSU,2
433,2019,0.17399205350022393,75.33855916559696,0.49191685912240185,27.632818600314675,50.0,0.17399205350022393,0.21247113163972287,,0,0.3986780225184926,57,0.3986780225184926,0.13163972286374134,0.07390300230946882,Justin Herbert,2020,Oregon,4
390,2019,0.06856893379336748,26.74188417941332,0.45897435897435895,27.632818600314675,50.0,0.06856893379336748,0.18974358974358974,,0,0.010998620543369027,43,0.010998620543369027,0.11025641025641025,0.04358974358974359,Nate Stanley,2020,Iowa,2
247,2019,0.5830219480914143,144.00642117857933,0.5870445344129555,27.632818600314675,50.0,0.5830219480914143,0.32388663967611336,,0,0.1498155139741444,42,0.1498155139741444,0.1700404858299595,0.13360323886639677,Tua Tagovailoa,2020,Alabama,3
185,2020,0.3029356161082113,56.04308898001909,0.572972972972973,27.965561447468097,50.0,0.3029356161082113,0.1891891891891892,,0,1.0345147967338562,20,1.0345147967338562,0.10810810810810811,0.043243243243243246,Davis Mills,2021,Stanford,3
360,2020,0.17970822490751742,64.69496096670628,0.49166666666666664,27.965561447468097,50.0,0.17970822490751742,0.18333333333333332,,0,-0.053996508941054344,64,-0.053996508941054344,0.17777777777777778,0.041666666666666664,Ian Book,2021,Notre Dame,4
237,2020,0.19085215478506773,45.23196068406105,0.5654008438818565,27.965561447468097,50.0,0.19085215478506773,0.1940928270042194,,0,0.00793144891136571,38,0.00793144891136571,0.16033755274261605,0.09282700421940929,Justin Fields,2021,Ohio St.,2
292,2020,0.23568592373638936,68.8202897310257,0.5171232876712328,27.965561447468097,50.0,0.23568592373638936,0.1815068493150685,,0,0.5343658546122109,41,0.5343658546122109,0.1404109589041096,0.07191780821917808,Kellen Mond,2021,Texas A&M,4
436,2020,0.37312007989358464,162.6803548336029,0.5665137614678899,27.965561447468097,50.0,0.37312007989358464,0.26146788990825687,,0,0.3068111919494997,83,0.3068111919494997,0.19036697247706422,0.10550458715596331,Kyle Trask,2021,Florida,3
397,2020,0.5184214184956827,205.81330314278603,0.6322418136020151,27.965561447468097,50.0,0.5184214184956827,0.27204030226700254,,0,0.8139249384403229,56,0.8139249384403229,0.14105793450881612,0.10327455919395466,Mac Jones,2021,Alabama,3
314,2020,0.2337363642539568,73.39321837574244,0.46496815286624205,27.965561447468097,50.0,0.2337363642539568,0.18471337579617833,,0,0.6028246168504682,57,0.6028246168504682,0.18152866242038215,0.08280254777070063,Sam Ehlinger,2021,Texas,4
329,2020,0.3291459843561642,108.28902885317802,0.5227963525835866,27.965561447468097,50.0,0.3291459843561642,0.25835866261398177,,0,0.09493331909179688,30,0.09493331909179688,0.0911854103343465,0.0729483282674772,Trevor Lawrence,2021,Clemson,3
308,2020,0.4384598084664964,135.0456210076809,0.5844155844155844,27.965561447468097,50.0,0.4384598084664964,0.32142857142857145,,0,1.0244416725344774,41,1.0244416725344774,0.1331168831168831,0.10714285714285714,Zach Wilson,2021,BYU,3
588,2021,0.38123554584323144,224.16650095582008,0.5731292517006803,26.674615384615382,50.0,0.38123554584323144,0.21258503401360543,,0,0.30300494420875623,103,0.30300494420875623,0.17517006802721088,0.10204081632653061,Bailey Zappe,2022,Western Kentucky,1
355,2021,0.1507219514875135,53.50629277806729,0.523943661971831,26.674615384615382,50.0,0.1507219514875135,0.2,,0,0.24772168000539144,30,0.24772168000539144,0.08450704225352113,0.04507042253521127,Brock Purdy,2022,Iowa St.,4
384,2021,0.1171373991916577,44.98076128959656,0.515625,26.674615384615382,50.0,0.1171373991916577,0.2421875,,0,0.1458239217974105,53,0.1458239217974105,0.13802083333333334,0.078125,Desmond Ridder,2022,Cincinnati,4
419,2021,0.29073817796809576,121.81929656863213,0.5513126491646778,26.674615384615382,50.0,0.29073817796809576,0.24343675417661098,,0,0.49808382987976074,51,0.49808382987976074,0.12171837708830549,0.08353221957040573,Kenny Pickett,2022,Pittsburgh,5
349,2021,0.04002026420481567,13.967072207480669,0.46418338108882523,26.674615384615382,50.0,0.04002026420481567,0.19197707736389685,,0,0.5629147373396775,29,0.5629147373396775,0.0830945558739255,0.07736389684813753,Malik Willis,2022,Liberty,3
359,2021,0.143779584063959,51.61687067896128,0.48467966573816157,26.674615384615382,50.0,0.143779584063959,0.1894150417827298,,0,-0.410273188497962,41,-0.410273188497962,0.11420612813370473,0.06685236768802229,Sam Howell,2022,North Carolina,3
234,2021,0.36260712295611447,84.85006677173078,0.48717948717948717,26.674615384615382,50.0,0.36260712295611447,0.21794871794871795,,0,0.558469295501709,31,0.558469295501709,0.13247863247863248,0.05128205128205128,Skylar Thompson,2022,Kansas St.,5
401,2021,0.32454868248127344,130.14402167499065,0.5785536159600998,26.674615384615382,50.0,0.32454868248127344,0.19950124688279303,,0,-0.12484928089029648,68,-0.12484928089029648,0.16957605985037408,0.06483790523690773,Aidan O'Connell,2023,Purdue,3
64,2021,0.08834604313597083,5.654146760702133,0.46875,26.674615384615382,50.0,0.08834604313597083,0.21875,,0,1.143207039151873,7,1.143207039151873,0.109375,0.109375,Anthony Richardson,2023,Florida,2
541,2021,0.3170979460925139,171.54998883605003,0.5138632162661737,26.674615384615382,50.0,0.3170979460925139,0.21072088724584104,,0,0.2705160820925677,81,0.2705160820925677,0.14972273567467653,0.08687615526802218,Bryce Young,2023,Alabama,2
409,2021,0.61552826776044,251.75106151401997,0.6332518337408313,26.674615384615382,50.0,0.61552826776044,0.27383863080684595,,0,0.43949644152934736,52,0.43949644152934736,0.1271393643031785,0.10757946210268948,C.J. Stroud,2023,Ohio St.,1
401,2021,0.28779706671053634,115.40662375092506,0.5411471321695761,26.674615384615382,50.0,0.28779706671053634,0.24189526184538654,,0,0.4370703125,50,0.4370703125,0.12468827930174564,0.0773067331670823,Clayton Tune,2023,Houston,4
252,2021,0.31892710155437864,80.36962959170341,0.5555555555555556,26.674615384615382,50.0,0.31892710155437864,0.20634920634920634,,0,0.594383955001831,31,0.594383955001831,0.12301587301587301,0.07539682539682539,Dorian Thompson-Robinson,2023,UCLA,4
323,2021,0.20275596560385575,65.4901768900454,0.47678018575851394,26.674615384615382,50.0,0.20275596560385575,0.21671826625386997,,0,0.0061834349351771,34,0.0061834349351771,0.10526315789473684,0.09597523219814241,Hendon Hooker,2023,Tennessee,1
276,2021,0.35015612487019837,96.64309046417475,0.5217391304347826,26.674615384615382,50.0,0.35015612487019837,0.22826086956521738,,0,0.463352108001709,40,0.463352108001709,0.14492753623188406,0.07246376811594203,Jaren Hall,2023,BYU,2
199,2021,0.22875719954582616,45.5226827096194,0.47738693467336685,26.674615384615382,50.0,0.22875719954582616,0.21608040201005024,,0,0.26736316084861755,24,0.26736316084861755,0.12060301507537688,0.07537688442211055,Max Duggan,2023,TCU,3
395,2021,0.16988738311242454,67.10551632940769,0.4759493670886076,26.674615384615382,50.0,0.16988738311242454,0.18734177215189873,,0,-0.07396376366708793,51,-0.07396376366708793,0.1291139240506329,0.04556962025316456,Sean Clifford,2023,Penn St.,4
287,2021,0.30175993895281483,86.60510247945786,0.5261324041811847,26.674615384615382,50.0,0.30175993895281483,0.2508710801393728,,0,0.37705426083670723,36,0.37705426083670723,0.1254355400696864,0.10452961672473868,Stetson Bennett,2023,Georgia,3
301,2021,0.09127945348966954,27.47511550039053,0.5016611295681063,26.674615384615382,50.0,0.09127945348966954,0.16943521594684385,,0,0.38456575309529023,34,0.38456575309529023,0.11295681063122924,0.03986710963455149,Tanner McKee,2023,Stanford,2
355,2021,0.15182294014474035,53.89714375138283,0.5098591549295775,26.674615384615382,50.0,0.15182294014474035,0.18873239436619718,,0,0.49101238875162034,42,0.49101238875162034,0.11830985915492957,0.07042253521126761,Will Levis,2023,Kentucky,1
28,2019,-0.12064879281180245,-3.3781661987304688,0.32142857142857145,27.632818600314675,50.0,-0.12064879281180245,0.17857142857142858,,0,-1.3172303438186646,6,-1.3172303438186646,0.21428571428571427,0.07142857142857142,Bo Nix,2024,Oregon,1
368,2023,0.540318407042844,198.83717379176656,0.5516304347826086,26.47218045112782,50.0,0.540318407042844,0.1983695652173913,0.8988031519223685,77,,0,1.0062937241128314,0.23369565217391305,0.05434782608695652,Caleb Williams,2024,USC,2
353,2023,0.3555415616853549,125.50617127493027,0.46175637393767704,26.47218045112782,50.0,0.3555415616853549,0.18413597733711048,0.6740735343127441,93,,0,0.5526049773650621,0.2776203966005666,0.059490084985835696,Devin Leary,2024,Kentucky,1
12,2021,-0.4017145298421383,-4.8205743581056595,0.4166666666666667,26.674615384615382,50.0,-0.4017145298421383,0.08333333333333333,,0,-1.6480823755264282,2,-1.6480823755264282,0.16666666666666666,0.08333333333333333,Drake Maye,2024,North Carolina,1
60,2021,0.10281568417946498,6.168941050767899,0.35,26.674615384615382,50.0,0.10281568417946498,0.25,,0,0.06740432977676392,6,0.06740432977676392,0.1,0.08333333333333333,J.J. McCarthy,2024,Michigan,1
310,2023,0.7740772641227972,239.96395187806712,0.6483870967741936,26.47218045112782,50.0,0.7740772641227972,0.2870967741935484,1.1787197058635883,51,,0,1.1593809088714335,0.1774193548387097,0.1064516129032258,Jayden Daniels,2024,LSU,2
64,2021,-0.1802710322663188,-11.537346065044403,0.34375,26.674615384615382,50.0,-0.1802710322663188,0.109375,,0,-0.1711819569269816,6,-0.1711819569269816,0.09375,0.03125,Joe Milton,2024,Tennessee,1
295,2021,0.15487988624027219,45.6895664408803,0.4576271186440678,26.674615384615382,50.0,0.15487988624027219,0.1694915254237288,,0,-0.1731410087683262,39,-0.1731410087683262,0.13220338983050847,0.06440677966101695,Michael Pratt,2024,Tulane,2
387,2023,0.5039547486010241,193.51862346279324,0.5390625,26.47218045112782,50.0,0.5039547486010241,0.19896640826873385,0.7804044733555845,91,,0,0.6555191605786738,0.2713178294573643,0.046511627906976744,Spencer Rattler,2024,South Carolina,2
88,2024,0.37876408501059,33.33123948093192,0.5909090909090909,26.609701492537315,50.0,0.37876408501059,0.18181818181818182,-0.053713536392408924,19,,0,0.04645253482424146,0.23863636363636365,0.022727272727272728,Graham Mertz,2025,Florida,2
9,2021,0.1085594892501831,0.977035403251648,0.3333333333333333,26.674615384615382,50.0,0.1085594892501831,0.1111111111111111,,0,-0.1442500650882721,4,-0.1442500650882721,0.4444444444444444,0.1111111111111111,Jalen Milroe,2025,Alabama,1
267,2024,0.4182517774084617,110.41846923583388,0.5606060606060606,26.609701492537315,50.0,0.4182517774084617,0.1647940074906367,0.8302620900962125,62,,0,0.7795475376998924,0.299625468164794,0.0449438202247191,Adam Urena,2026,Mercyhurst,1
181,2024,0.22328635620953943,40.414830473926635,0.39779005524861877,26.609701492537315,50.0,0.22328635620953943,0.17679558011049723,0.46554406971012546,59,,0,0.39933179445777905,0.34806629834254144,0.03314917127071823,Aidan Armenta,2026,UL Monroe,1
282,2024,0.5163800573892332,145.61917618376376,0.5531914893617021,26.609701492537315,50.0,0.5163800573892332,0.22695035460992907,0.6116318846485773,69,,0,0.5696042961712615,0.25886524822695034,0.04964539007092199,Aidan Bouman,2026,South Dakota,3
304,2024,0.3916992239331944,119.0765640756911,0.5361842105263158,26.609701492537315,50.0,0.3916992239331944,0.18421052631578946,0.578324906690375,78,,0,0.5991517439746985,0.28618421052631576,0.03618421052631579,Aidan Chiles,2026,Michigan State,1
158,2024,0.28951349724038716,45.74313256398117,0.5,26.609701492537315,50.0,0.28951349724038716,0.14556962025316456,0.6948986221499003,36,,0,0.6436440349102474,0.26582278481012656,0.0379746835443038,Aidan Sayin,2026,Pennsylvania,3
325,2024,0.24969692793232764,80.90180465007415,0.4783950617283951,26.609701492537315,50.0,0.24969692793232764,0.15076923076923077,0.43756138511256915,80,,0,0.5239570755226276,0.27692307692307694,0.018461538461538463,Alan Bowman,2026,Oklahoma State,2
184,2024,0.365033614407821,67.16618505103907,0.5054347826086957,26.609701492537315,50.0,0.365033614407821,0.20652173913043478,0.7282559958598832,49,,0,0.5210541321891027,0.29891304347826086,0.02717391304347826,Amari Odom,2026,Wofford,2
237,2024,0.37532079378791294,88.20038654015954,0.5446808510638298,26.609701492537315,50.0,0.37532079378791294,0.189873417721519,0.7480301684560835,69,,0,0.6626478505008487,0.31223628691983124,0.0379746835443038,Anthony Chiccitt,2026,Robert Morris,3
316,2024,0.19211823793775196,60.70936318832962,0.4462025316455696,26.609701492537315,50.0,0.19211823793775196,0.13924050632911392,0.5097862662306879,76,,0,0.374236582770551,0.2848101265822785,0.028481012658227847,Anthony Colandrea,2026,Virginia,2
269,2024,0.2679157624701165,72.06934010446135,0.5055762081784386,26.609701492537315,50.0,0.2679157624701165,0.1449814126394052,0.5364429051766002,56,,0,0.588029362749077,0.24907063197026022,0.03345724907063197,Ashton Daniels,2026,Stanford,3
354,2024,0.35832366973567886,126.84657908643032,0.4915254237288136,26.609701492537315,50.0,0.35832366973567886,0.17231638418079095,0.707454981344746,92,,0,0.593934090542198,0.2966101694915254,0.0480225988700565,Athan Kaliakmanis,2026,Rutgers,1
284,2024,0.37679183290533863,107.00888054511617,0.4964788732394366,26.609701492537315,50.0,0.37679183290533863,0.15140845070422534,0.4604611875609649,67,,0,0.4797299988173873,0.25704225352112675,0.04929577464788732,Austin Smith,2026,Austin Peay,1
361,2024,0.3140202808680254,113.36132139335717,0.481994459833795,26.609701492537315,50.0,0.3140202808680254,0.16897506925207756,0.4145394932281493,85,,0,0.574645493247068,0.2742382271468144,0.04709141274238227,Avery Johnson,2026,Kansas State,2
107,2024,0.5660449589880816,60.566810611724726,0.5887850467289719,26.609701492537315,50.0,0.5660449589880816,0.205607476635514,0.7916390208909616,28,,0,0.8839995091284744,0.2897196261682243,0.04672897196261682,Ayden Pereira,2026,Merrimack,1
303,2024,0.3685618373464684,111.67423671597993,0.5148514851485149,26.609701492537315,50.0,0.3685618373464684,0.12211221122112212,0.8548527417195689,90,,0,0.944778295973685,0.33003300330033003,0.036303630363036306,Beau Brungard,2026,Youngstown State,2
448,2024,0.32629126770077965,146.17848792994928,0.48660714285714285,26.609701492537315,50.0,0.32629126770077965,0.16071428571428573,0.8118333795950996,110,,0,0.8272257585911497,0.2700892857142857,0.046875,Behren Morton,2026,Texas Tech,4
344,2024,0.2567892150012429,88.33548996042755,0.46511627906976744,26.609701492537315,50.0,0.2567892150012429,0.19767441860465115,0.4598942690886154,85,,0,0.4221166717651094,0.26453488372093026,0.02616279069767442,Ben Finley,2026,Akron,1
286,2024,0.46351480618794133,132.56523456975123,0.5314685314685315,26.609701492537315,50.0,0.46351480618794133,0.2062937062937063,0.8319251617875947,63,,0,0.7459901401352558,0.24475524475524477,0.055944055944055944,Ben Wooldridge,2026,Louisiana,3
220,2024,0.3269373823978632,71.59928674513203,0.4931506849315068,26.609701492537315,50.0,0.3269373823978632,0.16818181818181818,0.7123808366853196,54,,0,0.6905414684107538,0.2772727272727273,0.03636363636363636,Blaine Hipa,2026,Princeton,2
310,2024,0.39335191394124364,121.93909332178552,0.5064516129032258,26.609701492537315,50.0,0.39335191394124364,0.1935483870967742,0.7872536609108024,85,,0,0.8131276262410002,0.2967741935483871,0.025806451612903226,Brady Cook,2026,Missouri,5
216,2024,0.6979703251986777,150.7615902429144,0.6203703703703703,26.609701492537315,50.0,0.6979703251986777,0.20833333333333334,1.1820857562742964,54,,0,1.1208474657935563,0.2777777777777778,0.05092592592592592,Brady Meitz,2026,Stetson,3
241,2024,0.39694718982792854,95.66427274853078,0.5352697095435685,26.609701492537315,50.0,0.39694718982792854,0.1950207468879668,0.6192064136527294,78,,0,0.5581399868790877,0.35269709543568467,0.04149377593360996,Brady Olson,2026,Central Connecticut,1
289,2024,0.2452417926756017,70.87487808324889,0.4429065743944637,26.609701492537315,50.0,0.2452417926756017,0.14878892733564014,0.1675183565503717,83,,0,0.18944820189349865,0.3079584775086505,0.03806228373702422,Braedyn Locke,2026,Wisconsin,2
353,2024,0.3395556833123712,119.86315620926702,0.46458923512747874,26.609701492537315,50.0,0.3395556833123712,0.14447592067988668,0.5681329178679929,108,,0,0.6529065025653338,0.34277620396600567,0.0226628895184136,Brayden Fowler-Nicolosi,2026,Colorado State,3
386,2024,0.2613783103980907,100.892027813663,0.4740932642487047,26.609701492537315,50.0,0.2613783103980907,0.14248704663212436,0.38389632355573916,89,,0,0.46451544207065504,0.24611398963730569,0.04145077720207254,Brayden Schager,2026,Hawai'i,4
193,2024,0.3874706666087147,74.78183865548193,0.48186528497409326,26.609701492537315,50.0,0.3874706666087147,0.20207253886010362,0.6494823204677403,55,,0,0.6380567553629902,0.3005181347150259,0.08808290155440414,Braylon Braxton,2026,Marshall,1
381,2024,0.37261139033820173,141.96493971885485,0.5301837270341208,26.609701492537315,50.0,0.37261139033820173,0.14960629921259844,0.6857460499948631,81,,0,0.6149560058534483,0.22572178477690288,0.04461942257217848,Brendan Sorsby,2026,Cincinnati,1
315,2024,0.346849521438521,109.25759925313412,0.5015873015873016,26.609701492537315,50.0,0.346849521438521,0.16825396825396827,0.7564435400421453,90,,0,0.6836655285037101,0.3111111111111111,0.050793650793650794,Brendon Lewis,2026,Nevada,2
345,2024,0.3025626276891307,104.3841065527501,0.5101449275362319,26.609701492537315,50.0,0.3025626276891307,0.16231884057971013,0.5718845657788615,84,,0,0.4299232225254126,0.2608695652173913,0.04057971014492753,Brett Gabbert,2026,Miami (OH),5
212,2024,0.35228286387815716,74.68396714216932,0.45754716981132076,26.609701492537315,50.0,0.35228286387815716,0.2028301886792453,0.5824331333218971,48,,0,0.6361891941226171,0.2641509433962264,0.03773584905660377,Brock Vandagriff,2026,Kentucky,1
285,2024,0.2254181596403572,64.2441754975018,0.4421052631578947,26.609701492537315,50.0,0.2254181596403572,0.15087719298245614,0.589156622705429,79,,0,0.6469691707306134,0.3157894736842105,0.031578947368421054,Bryce Archie,2026,South Florida,2
280,2024,0.4696166032756685,131.49264891718718,0.5428571428571428,26.609701492537315,50.0,0.4696166032756685,0.18571428571428572,0.652613598675731,61,,0,0.7581557431745765,0.25,0.03571428571428571,CJ Bailey,2026,NC State,1
16,2023,-0.029240935802961276,-0.4678549728473804,0.3125,26.47218045112782,50.0,-0.029240935802961276,0.25,-0.7565964450792095,2,,0,-0.23103300082177314,0.25,0.0625,CJ Ogbonna,2026,Buffalo,1
484,2024,0.3799224993163031,183.88248966909072,0.49586776859504134,26.609701492537315,50.0,0.3799224993163031,0.16942148760330578,0.8168644199691134,111,,0,0.8224610653541948,0.2396694214876033,0.07024793388429752,Cade Klubnik,2026,Clemson,3
148,2024,0.20478859941332764,30.30871271317249,0.42567567567567566,26.609701492537315,50.0,0.20478859941332764,0.14864864864864866,0.33474045837953076,52,,0,0.33474045837953076,0.35135135135135137,0.04054054054054054,Cade McNamara,2026,Iowa,2
380,2024,0.4476134283538272,170.09310277445434,0.5236842105263158,26.609701492537315,50.0,0.4476134283538272,0.1868421052631579,0.7585915594988075,103,,0,0.8078473746619959,0.3078947368421053,0.05789473684210526,Caden Veltkamp,2026,Western Kentucky,3
197,2024,0.3022932140344994,59.55176316479638,0.4873096446700508,26.609701492537315,50.0,0.3022932140344994,0.17766497461928935,0.3665954601295297,47,,0,0.20658961253674185,0.29949238578680204,0.030456852791878174,Cam Fancher,2026,Florida Atlantic,1
317,2024,0.6280172113926142,198.4534388000661,0.6265822784810127,26.609701492537315,50.0,0.6280172113926142,0.2082018927444795,1.0368322078576677,78,,0,1.1063680207422215,0.25236593059936907,0.08201892744479496,Cam Miller,2026,North Dakota State,3
199,2024,0.4326319165143184,86.09375138634937,0.542713567839196,26.609701492537315,50.0,0.4326319165143184,0.1507537688442211,0.7798645361099645,50,,0,0.6989878793388932,0.271356783919598,0.04020100502512563,Camden Coleman,2026,Richmond,2
150,2024,0.2034470036648747,30.517050549731206,0.3933333333333333,26.609701492537315,50.0,0.2034470036648747,0.17333333333333334,0.7004898001970102,52,,0,0.696432862651049,0.36666666666666664,0.04,Caron Tyler,2026,Valparaiso,1
436,2024,0.37611598162466303,163.98656798835307,0.5137614678899083,26.609701492537315,50.0,0.37611598162466303,0.2018348623853211,0.5699094388435912,97,,0,0.6199514603450916,0.24541284403669725,0.052752293577981654,Carson Beck,2026,Georgia,4
345,2024,0.38257668757295943,131.988957212671,0.5304347826086957,26.609701492537315,50.0,0.38257668757295943,0.1681159420289855,0.6286547593709326,90,,0,0.6030198362706674,0.2753623188405797,0.07246376811594203,Carson Conklin,2026,Sacramento State,2
163,2024,0.3700551097238679,60.31898288499047,0.4233128834355828,26.609701492537315,50.0,0.3700551097238679,0.17177914110429449,0.5860205180962594,55,,0,0.6040973333381258,0.3558282208588957,0.049079754601226995,Carter Cravens,2026,Morehead State,3
310,2024,0.441483844442493,136.85999177717284,0.5483870967741935,26.609701492537315,50.0,0.441483844442493,0.17096774193548386,0.6379499720947659,88,,0,0.5998488100813582,0.3064516129032258,0.05161290322580645,Carter Peevy,2026,Maine,1
24,2022,0.1994838526875228,4.787612464500548,0.5,26.959541984732827,50.0,0.1994838526875228,0.20833333333333334,-0.02688210923489609,7,,0,-0.11285698197458431,0.375,0.0,Chad Mascoe II,2026,Campbell,1
487,2024,0.32816712793381236,159.8173913037666,0.486652977412731,26.609701492537315,50.0,0.32816712793381236,0.17864476386036962,0.36556553446448437,101,,0,0.4090427503038883,0.2648870636550308,0.053388090349075976,Chandler Morris,2026,North Texas,1
206,2024,0.5601455639852285,115.38998618095708,0.5922330097087378,26.609701492537315,50.0,0.5601455639852285,0.17475728155339806,0.9316187871492443,44,,0,0.9728217913205076,0.21844660194174756,0.04854368932038835,Chase Artopoeus,2026,Chattanooga,2
285,2024,0.28560429798178066,81.39722492480749,0.4631578947368421,26.609701492537315,50.0,0.28560429798178066,0.18947368421052632,0.5903616559648762,72,,0,0.48679443842405373,0.2771929824561403,0.03859649122807018,Christian Veilleux,2026,Georgia State,1
95,2023,0.2722929765904335,25.867832776091184,0.43157894736842106,26.47218045112782,50.0,0.2722929765904335,0.10526315789473684,0.3180814160690877,31,,0,0.3446609617646891,0.3473684210526316,0.042105263157894736,Christopher Zellous,2026,Hampton,2
296,2024,0.4833693701023898,143.07733355030737,0.5574324324324325,26.609701492537315,50.0,0.4833693701023898,0.1891891891891892,0.8392103854591861,69,,0,0.8234649820536937,0.25675675675675674,0.033783783783783786,Cole Gonzales,2026,Western Carolina,3
364,2024,0.22790594457574756,82.72985788099636,0.4820936639118457,26.609701492537315,50.0,0.22790594457574756,0.13736263736263737,0.7215972995877193,95,,0,0.602115805783233,0.2774725274725275,0.019230769230769232,Cole Snyder,2026,Eastern Michigan,1
246,2024,0.5067735479577804,123.65274570169841,0.5163934426229508,26.609701492537315,50.0,0.5067735479577804,0.21138211382113822,0.6482360588181626,63,,0,0.607713748069928,0.2926829268292683,0.056910569105691054,Collin Hurst,2026,Presbyterian,1
188,2024,0.45664448999780677,85.84916411958767,0.4946808510638298,26.609701492537315,50.0,0.45664448999780677,0.1702127659574468,0.8395845720919551,50,,0,0.9244526343246839,0.2765957446808511,0.05851063829787234,Colton Joseph,2026,Old Dominion,1
403,2024,0.37212131861369985,149.96489140132104,0.543424317617866,26.609701492537315,50.0,0.37212131861369985,0.15384615384615385,0.5514829478677696,99,,0,0.5858296624674159,0.27791563275434245,0.04218362282878412,Connor Bazelak,2026,Bowling Green,2
300,2024,0.27315587438325306,81.94676231497591,0.4266666666666667,26.609701492537315,50.0,0.27315587438325306,0.15333333333333332,0.3653324593387602,97,,0,0.4235422250959272,0.3466666666666667,0.03666666666666667,Connor Watkins,2026,Villanova,3
156,2024,0.2089278779142817,32.59274895462794,0.41025641025641024,26.609701492537315,50.0,0.2089278779142817,0.1794871794871795,0.622941113927043,49,,0,0.4158087387468547,0.3717948717948718,0.0641025641025641,Cooper Legas,2026,Tulsa,1
261,2024,0.521158355532841,134.9800140830058,0.5675675675675675,26.609701492537315,50.0,0.521158355532841,0.19157088122605365,1.1894896887435076,73,,0,1.1209346057026663,0.29118773946360155,0.03065134099616858,Daniel Richardson,2026,Florida A&M,1
264,2024,0.3373390257035816,89.05750278574554,0.5416666666666666,26.609701492537315,50.0,0.3373390257035816,0.16666666666666666,0.6136743568875409,68,,0,0.5100646133255163,0.2803030303030303,0.03409090909090909,Danny Lauter,2026,Georgetown,1
324,2024,0.27140337385701124,87.93469312967164,0.4691358024691358,26.609701492537315,50.0,0.27140337385701124,0.12654320987654322,0.6054747848003533,90,,0,0.5871785799864017,0.3055555555555556,0.027777777777777776,Danny O'Neil,2026,San Diego State,1
219,2024,0.577276062591913,126.42345770762896,0.5616438356164384,26.609701492537315,50.0,0.577276062591913,0.2191780821917808,1.188959338003833,61,,0,1.0543155322265103,0.2922374429223744,0.0502283105022831,Dante Chachere,2026,Portland State,3
280,2024,0.6174623879513058,171.65454385046303,0.539568345323741,26.609701492537315,50.0,0.6174623879513058,0.23214285714285715,0.9800916777741189,68,,0,0.9027083025913991,0.26785714285714285,0.06785714285714285,Darian Mensah,2026,Tulane,1
233,2024,0.7318768334564602,170.52730219535522,0.5579399141630901,26.609701492537315,50.0,0.7318768334564602,0.22746781115879827,1.354629935598392,79,,0,1.3929651844178272,0.3905579399141631,0.0815450643776824,Darius Perrantes,2026,Duquesne,4
185,2024,0.48136135037520406,89.05184981941275,0.5405405405405406,26.609701492537315,50.0,0.48136135037520406,0.1837837837837838,0.7994974051691187,46,,0,0.7504837861637506,0.2702702702702703,0.03783783783783784,Darius Wilson,2026,William & Mary,4
85,2024,0.39525162662754576,32.8058850100863,0.5180722891566265,26.609701492537315,50.0,0.39525162662754576,0.23529411764705882,0.5067142456223597,26,,0,0.5067142456223597,0.3058823529411765,0.023529411764705882,Davin Wydner,2026,West Georgia,1
250,2024,0.14589662196898956,36.47415549224739,0.412,26.609701492537315,50.0,0.14589662196898956,0.136,0.5179450094074635,83,,0,0.44913575966180613,0.348,0.02,Davis Bryson,2026,Kennesaw State,2
207,2024,0.23270228707377205,48.169373424270816,0.5024154589371981,26.609701492537315,50.0,0.23270228707377205,0.13526570048309178,0.7648894389199098,67,,0,0.7767964231305249,0.34299516908212563,0.033816425120772944,Davis Warren,2026,Michigan,3
306,2024,0.4071571934570496,123.36862961748602,0.594059405940594,26.609701492537315,50.0,0.4071571934570496,0.16339869281045752,0.7904272683961165,68,,0,0.7701055935495639,0.2581699346405229,0.026143790849673203,Dean DeNobile,2026,Lafayette,2
409,2024,0.5749813503163118,234.5923909290552,0.5686274509803921,26.609701492537315,50.0,0.5749813503163118,0.22249388753056235,0.8877035514084473,86,,0,0.9642545340287321,0.2665036674816626,0.06601466992665037,Derek Robertson,2026,Monmouth,1
178,2024,0.4131252207454963,73.53628929269834,0.43258426966292135,26.609701492537315,50.0,0.4131252207454963,0.24157303370786518,0.7403721062535995,36,,0,0.7553263320067423,0.2247191011235955,0.0449438202247191,Deshawn Purdie,2026,Charlotte,1
203,2024,0.41223995639460875,83.68471114810558,0.5221674876847291,26.609701492537315,50.0,0.41223995639460875,0.2315270935960591,0.8393237982241348,62,,0,0.9012119018908318,0.31527093596059114,0.04926108374384237,Devin Farrell,2026,Rhode Island,2
358,2024,0.27041821039278024,96.80971932061533,0.4888268156424581,26.609701492537315,50.0,0.27041821039278024,0.1424581005586592,0.43714808921547915,75,,0,0.3435644760221773,0.22625698324022347,0.027932960893854747,Devon Dampier,2026,New Mexico,2
293,2024,0.4133894085086802,121.12309669304331,0.5085324232081911,26.609701492537315,50.0,0.4133894085086802,0.17064846416382254,0.5844700711436586,97,,0,0.5157758279653107,0.35494880546075086,0.05460750853242321,Diego Pavia,2026,Vanderbilt,1
440,2024,0.5212741883012988,229.36064285257146,0.5613636363636364,26.609701492537315,50.0,0.5212741883012988,0.20227272727272727,1.0114810873093847,111,,0,0.9440800111768332,0.2772727272727273,0.06363636363636363,Dillon Gabriel,2026,Oregon,1
331,2024,0.532357764519152,175.67806229132015,0.5818181818181818,26.609701492537315,50.0,0.532357764519152,0.18429003021148035,0.7978949685147426,82,,0,0.7544336226354976,0.2688821752265861,0.04229607250755287,Draylen Ellis,2026,Tennessee State,3
391,2024,0.4617218309317746,180.53323589432387,0.5524296675191815,26.609701492537315,50.0,0.4617218309317746,0.23529411764705882,0.6438591770050935,87,,0,0.6574021693567019,0.24808184143222506,0.061381074168797956,Drew Allar,2026,Penn State,3
279,2024,0.38371008912196686,106.67140477590678,0.5323741007194245,26.609701492537315,50.0,0.38371008912196686,0.14695340501792115,0.8998979962476956,85,,0,0.7406128156464176,0.34767025089605735,0.05734767025089606,Drew VanVleet,2026,Dayton,2
366,2024,0.25233498902438095,92.35460598292343,0.5027322404371585,26.609701492537315,50.0,0.25233498902438095,0.1557377049180328,0.38797248541162416,83,,0,0.23921488924821724,0.2459016393442623,0.02459016393442623,Dylan Raiola,2026,Nebraska,1
426,2024,0.16788504340418817,71.51902849018416,0.431924882629108,26.609701492537315,50.0,0.16788504340418817,0.14084507042253522,0.4584352023948333,106,,0,0.23215779250213225,0.284037558685446,0.03051643192488263,E.J. Warner,2026,Rice,1
282,2024,0.3606207642111605,101.69505550754727,0.5,26.609701492537315,50.0,0.3606207642111605,0.17375886524822695,0.4146115869320325,55,,0,0.45015783342235305,0.21631205673758866,0.06028368794326241,Eli Holstein,2026,Pittsburgh,1
280,2024,0.40387835894956725,112.2781837879797,0.5683453237410072,26.609701492537315,50.0,0.40387835894956725,0.19285714285714287,0.7725476419785533,74,,0,0.8004063151351559,0.2857142857142857,0.02142857142857143,Eli Sawyer,2026,SE Louisiana,3
242,2024,0.38054113516743915,92.09095471052028,0.5165289256198347,26.609701492537315,50.0,0.38054113516743915,0.14049586776859505,0.749977144907408,78,,0,0.7850521938730394,0.35537190082644626,0.0371900826446281,Elijah Owens,2026,Indiana State,2
202,2024,0.3422032575320909,69.12505802148236,0.49504950495049505,26.609701492537315,50.0,0.3422032575320909,0.18316831683168316,0.7391245562697286,45,,0,0.6553897600477977,0.2376237623762376,0.04455445544554455,Emmett Brown,2026,San José State,1
361,2024,0.4036601748971567,145.72132313787358,0.5401662049861495,26.609701492537315,50.0,0.4036601748971567,0.18282548476454294,0.7976535760739368,94,,0,0.7303227837225201,0.2770083102493075,0.0443213296398892,Ethan Garbers,2026,UCLA,4
226,2024,0.23578671639715104,53.287797905756136,0.43805309734513276,26.609701492537315,50.0,0.23578671639715104,0.09292035398230089,0.3914620445066307,59,,0,0.2772561502623483,0.3008849557522124,0.02654867256637168,Ethan Hampton,2026,Northern Illinois,4
265,2024,0.3534329021371158,93.6597190663357,0.44150943396226416,26.609701492537315,50.0,0.3534329021371158,0.18867924528301888,0.4653054220559155,84,,0,0.4860712656285987,0.3433962264150943,0.04905660377358491,Ethan Vasko,2026,Coastal Carolina,2
296,2024,0.3474602850068592,102.84824436203033,0.5033783783783784,26.609701492537315,50.0,0.3474602850068592,0.16554054054054054,1.0875097813620473,86,,0,0.8236507417271451,0.32432432432432434,0.04391891891891892,Evan Bullock,2026,Louisiana Tech,2
285,2024,0.3094521469076566,88.19386186868213,0.4421052631578947,26.609701492537315,50.0,0.3094521469076566,0.17543859649122806,0.6385183403974973,88,,0,0.6765420112982526,0.3508771929824561,0.04912280701754386,Evan Simon,2026,Temple,1
221,2024,0.11979680141868611,26.47509311352963,0.38461538461538464,26.609701492537315,50.0,0.11979680141868611,0.14479638009049775,0.5387349197300387,68,,0,0.49088952330677543,0.3212669683257919,0.02262443438914027,Evan Svoboda,2026,Wyoming,2
339,2024,0.4883953911924094,165.5660376142268,0.5693215339233039,26.609701492537315,50.0,0.4883953911924094,0.18584070796460178,0.7335313318343207,85,,0,0.7615474747851424,0.27728613569321536,0.032448377581120944,Fernando Mendoza,2026,California,2
310,2024,0.370087838247728,114.72722985679567,0.4935483870967742,26.609701492537315,50.0,0.370087838247728,0.1870967741935484,0.8721407117619591,75,,0,0.834663106739946,0.2967741935483871,0.04516129032258064,Garrett Greene,2026,West Virginia,5
513,2024,0.3407045331701571,174.7814255162906,0.5087719298245614,26.609701492537315,50.0,0.3407045331701571,0.1949317738791423,0.7972662337605775,124,,0,0.7063255275955612,0.27485380116959063,0.03898635477582846,Garrett Nussmeier,2026,LSU,4
200,2024,0.1913457607743149,38.26915215486298,0.48,26.609701492537315,50.0,0.1913457607743149,0.135,0.6531115441226287,47,,0,0.4083422589824685,0.285,0.01,Gevani McCoy,2026,Oregon State,1
175,2024,0.524378085422648,91.24178686354074,0.6724137931034483,26.609701492537315,50.0,0.524378085422648,0.18857142857142858,1.0727416414128703,40,,0,1.1669755138199331,0.26285714285714284,0.045714285714285714,Grant Jordan,2026,Yale,1
281,2024,0.5195657790637803,145.99798391692227,0.5195729537366548,26.609701492537315,50.0,0.5195657790637803,0.199288256227758,0.9950183299980729,86,,0,0.9794506048598772,0.3202846975088968,0.08185053380782918,Grant Sergent,2026,San Diego,3
169,2024,0.3621928100346292,61.210584895852335,0.514792899408284,26.609701492537315,50.0,0.3621928100346292,0.1893491124260355,0.7890199904049935,53,,0,0.6592044059293795,0.39644970414201186,0.03550295857988166,Grayson James,2026,Boston College,1
246,2024,0.3595131303655962,88.44023006993666,0.4796747967479675,26.609701492537315,50.0,0.3595131303655962,0.1951219512195122,0.6249576464695928,63,,0,0.5831868587677116,0.27235772357723576,0.06504065040650407,Hajj-Malik Williams,2026,UNLV,1
345,2024,0.3536290444577496,122.00202033792362,0.5072463768115942,26.609701492537315,50.0,0.3536290444577496,0.15942028985507245,0.6522566920358125,83,,0,0.7268226555064006,0.2753623188405797,0.034782608695652174,Hank Bachmeier,2026,Wake Forest,1
123,2024,0.7970306581605237,98.03477095374441,0.6747967479674797,26.609701492537315,50.0,0.7970306581605237,0.2764227642276423,1.0739900788944998,41,,0,0.8119730374454243,0.3902439024390244,0.04878048780487805,Hayden Johnson,2026,Lehigh,1
278,2024,0.46881330741984956,130.33009946271818,0.5575539568345323,26.609701492537315,50.0,0.46881330741984956,0.2014388489208633,0.4462137932612088,72,,0,0.40734700496779336,0.3129496402877698,0.050359712230215826,Hayden Wolff,2026,Western Michigan,2
268,2024,0.49646907792278017,133.05371288330508,0.5746268656716418,26.609701492537315,50.0,0.49646907792278017,0.17537313432835822,0.6152173136124498,62,,0,0.6920249382454418,0.2537313432835821,0.05223880597014925,Haynes King,2026,Georgia Tech,2
228,2024,0.36592817165360625,83.43162313702223,0.4956140350877193,26.609701492537315,50.0,0.36592817165360625,0.17543859649122806,0.49255275690374306,66,,0,0.522990035024251,0.3157894736842105,0.03070175438596491,Hudson Card,2026,Purdue,2
127,2024,0.2593258741925165,32.934386022449594,0.5039370078740157,26.609701492537315,50.0,0.2593258741925165,0.1968503937007874,0.4591302825885193,37,,0,0.3097859312404909,0.30708661417322836,0.031496062992125984,Hunter Helms,2026,Rhode Island,1
252,2024,0.22047789208745533,55.56042880603874,0.4642857142857143,26.609701492537315,50.0,0.22047789208745533,0.13095238095238096,0.5906538799303835,78,,0,0.49581298103472893,0.3253968253968254,0.031746031746031744,Hunter Watson,2026,Sam Houston,1
211,2024,0.16701347693086258,35.239843632412004,0.44075829383886256,26.609701492537315,50.0,0.16701347693086258,0.18009478672985782,0.3481740014416262,56,,0,0.24941454173908342,0.3175355450236967,0.03317535545023697,Isaac Wilson,2026,Utah,1
398,2024,0.3153315940254779,125.5019744221402,0.4623115577889447,26.609701492537315,50.0,0.3153315940254779,0.17587939698492464,0.7625615002610604,95,,0,0.7967089692112121,0.24623115577889448,0.04020100502512563,JC French,2026,Georgia Southern,2
141,2024,0.2369799799281664,33.414177169871465,0.36879432624113473,26.609701492537315,50.0,0.2369799799281664,0.14893617021276595,0.3114453136053551,50,,0,0.3665056327766266,0.3617021276595745,0.02127659574468085,JT Fayard,2026,Northwestern State,2
178,2024,0.2491293533189709,44.34502489077682,0.47191011235955055,26.609701492537315,50.0,0.2491293533189709,0.15730337078651685,0.4707025866423648,57,,0,0.5344808281685409,0.3539325842696629,0.011235955056179775,Ja'Shawn Scroggins,2026,Howard,3
188,2024,0.5209575230822218,97.94001433945769,0.5425531914893617,26.609701492537315,50.0,0.5209575230822218,0.2074468085106383,0.9455743265344657,46,,0,0.977706430026456,0.25,0.07446808510638298,JaCobian Morgan,2026,Jackson State,2
171,2024,0.2464632101249158,41.898745721235684,0.4823529411764706,26.609701492537315,50.0,0.2464632101249158,0.12280701754385964,0.4597357771596368,39,,0,0.3507655483176512,0.25146198830409355,0.011695906432748537,Jack Capaldi,2026,Fordham,2
283,2024,0.10446140669422169,29.562578094464737,0.4169611307420495,26.609701492537315,50.0,0.10446140669422169,0.13780918727915195,0.3944570519619293,73,,0,0.19416042665130742,0.28975265017667845,0.0176678445229682,Jack Lausch,2026,Northwestern,3
89,2024,0.4615227737733595,40.15248131828228,0.5747126436781609,26.609701492537315,50.0,0.4615227737733595,0.25842696629213485,-0.049966104164761424,15,,0,-0.4192771557708529,0.20224719101123595,0.06741573033707865,Jack Layne,2026,Idaho,2
150,2024,0.39955047828799467,59.9325717431992,0.46,26.609701492537315,50.0,0.39955047828799467,0.26,0.5248755447122471,35,,0,0.279887710134101,0.28,0.05333333333333334,Jack Wagner,2026,Idaho,2
207,2024,0.2048285915137308,42.39951844334228,0.4492753623188406,26.609701492537315,50.0,0.2048285915137308,0.10144927536231885,0.377954981377151,54,,0,0.35297718004151585,0.28019323671497587,0.05314009661835749,Jackson Arnold,2026,Oklahoma,2
154,2024,0.5442619775280467,82.7278205842631,0.5986842105263158,26.609701492537315,50.0,0.5442619775280467,0.16233766233766234,0.9250222464324637,62,,0,0.8469387258685425,0.4155844155844156,0.032467532467532464,Jackson Berry,2026,Southern Utah,2
150,2024,0.552383198535909,82.30509658185044,0.5838926174496645,26.609701492537315,50.0,0.552383198535909,0.17333333333333334,0.7778532192451006,39,,0,0.7900236415845527,0.26666666666666666,0.02666666666666667,Jackson Proctor,2026,Dartmouth,3
352,2024,0.6238581704087083,219.5980759838653,0.59375,26.609701492537315,50.0,0.6238581704087083,0.2471590909090909,0.831215825279784,90,,0,0.7573368259348173,0.2727272727272727,0.05965909090909091,Jacob Clark,2026,Missouri State,3
314,2024,0.38410137264048066,120.60783100911092,0.4872611464968153,26.609701492537315,50.0,0.38410137264048066,0.21337579617834396,0.7475481456139855,86,,0,0.5498406719944016,0.31528662420382164,0.04777070063694268,Jacolby Criswell,2026,North Carolina,4
175,2024,0.6764318516618589,118.37557404082531,0.5828571428571429,26.609701492537315,50.0,0.6764318516618589,0.2742857142857143,0.8034158403665488,41,,0,0.9813576965717115,0.2571428571428571,0.06857142857142857,Jaden Craig,2026,Harvard,2
154,2024,0.380180529411941,58.547801529438914,0.4675324675324675,26.609701492537315,50.0,0.380180529411941,0.18831168831168832,0.21639291144336517,47,,0,0.20721153208567264,0.3181818181818182,0.03896103896103896,Jaden Johnson,2026,Prairie View A&M,1
178,2024,0.2644829107172477,47.07795810767009,0.4943820224719101,26.609701492537315,50.0,0.2644829107172477,0.20224719101123595,0.6009326185847671,50,,0,0.53997834669204,0.28651685393258425,0.0449438202247191,Jake Garcia,2026,East Carolina,1
358,2024,0.3016615361821175,107.99482995319806,0.4860335195530726,26.609701492537315,50.0,0.3016615361821175,0.20391061452513967,0.574338030247017,79,,0,0.5315811250327316,0.25139664804469275,0.036312849162011177,Jake Retzlaff,2026,BYU,2
219,2024,0.3624579228516735,79.3782851045165,0.5844748858447488,26.609701492537315,50.0,0.3624579228516735,0.0958904109589041,0.4796149241966426,55,,0,0.5399259550827928,0.2922374429223744,0.0228310502283105,Jake Stearney,2026,Colgate,2
69,2024,0.4362216487999406,30.0992937671959,0.6086956521739131,26.609701492537315,50.0,0.4362216487999406,0.13043478260869565,0.5252916380300146,19,,0,0.6996625055704601,0.30434782608695654,0.028985507246376812,Jake Willcox,2026,Brown,3
322,2024,0.3660254399636148,117.86019166828396,0.5062111801242236,26.609701492537315,50.0,0.3660254399636148,0.16770186335403728,0.6239414457273476,81,,0,0.6591541459301496,0.2888198757763975,0.049689440993788817,Jalen Kitna,2026,UAB,1
308,2024,0.2858592859514497,88.04466007304651,0.5064935064935064,26.609701492537315,50.0,0.2858592859514497,0.2012987012987013,0.5345797915630832,78,,0,0.4348773405727355,0.2662337662337662,0.016233766233766232,Jalen Milroe,2026,Alabama,4
290,2024,0.4035983614093012,117.04352480869736,0.506896551724138,26.609701492537315,50.0,0.4035983614093012,0.20344827586206896,0.8626873692961771,67,,0,0.9061888447869659,0.24482758620689654,0.04482758620689655,Jalon Daniels,2026,Kansas,5
251,2024,0.4519208654251986,112.52829549087446,0.5622489959839357,26.609701492537315,50.0,0.4519208654251986,0.16733067729083664,0.6438713098239648,58,,0,0.7516152109986516,0.26294820717131473,0.035856573705179286,Jameson Wang,2026,Cornell,3
177,2024,0.3613220614910352,63.95400488391323,0.5141242937853108,26.609701492537315,50.0,0.3613220614910352,0.1864406779661017,0.4147065694166212,44,,0,0.5817601696216058,0.2768361581920904,0.03389830508474576,Jarrett Guest,2026,Bryant,1
394,2024,0.6308084268760402,248.53852018915984,0.583756345177665,26.609701492537315,50.0,0.6308084268760402,0.26649746192893403,0.7341831415610115,67,,0,0.7454430808810352,0.19035532994923857,0.06598984771573604,Jaxson Dart,2026,Ole Miss,3
158,2024,0.285522950321881,44.54158025021344,0.4551282051282051,26.609701492537315,50.0,0.285522950321881,0.16455696202531644,0.5393284168453876,37,,0,0.4099895979212608,0.25949367088607594,0.04430379746835443,Jayden Maiava,2026,USC,1
192,2024,0.26010268973759576,49.939716429618386,0.4583333333333333,26.609701492537315,50.0,0.26010268973759576,0.17708333333333334,0.48268641291559383,44,,0,0.43639902539092534,0.265625,0.046875,Jaylen King,2026,East Tennessee State,1
414,2024,0.2937744961922981,121.62264142361141,0.4806763285024155,26.609701492537315,50.0,0.2937744961922981,0.14009661835748793,0.5197677826338939,114,,0,0.6153309159469438,0.2946859903381642,0.033816425120772944,Jaylen Raynor,2026,Arkansas State,2
185,2024,0.33624212589971075,62.20479329144649,0.44324324324324327,26.609701492537315,50.0,0.33624212589971075,0.16216216216216217,0.75964667855047,44,,0,0.744791714492165,0.25405405405405407,0.08108108108108109,Joe Fagnano,2026,UConn,1
239,2024,0.569394867767315,136.08537339638826,0.5606694560669456,26.609701492537315,50.0,0.569394867767315,0.18828451882845187,0.8482033506699885,73,,0,0.851602218876127,0.3305439330543933,0.05439330543933055,Joe Pesansky,2026,Holy Cross,3
384,2024,0.34247916350333113,131.51199878527916,0.4479166666666667,26.609701492537315,50.0,0.34247916350333113,0.19270833333333334,0.7225548069354325,94,,0,0.6791330019052995,0.2734375,0.0546875,Joey Aguilar,2026,App State,2
303,2024,0.5631663392867644,170.6394008038896,0.570957095709571,26.609701492537315,50.0,0.5631663392867644,0.24752475247524752,0.8884191381118225,53,,0,0.9768786346325313,0.18811881188118812,0.08250825082508251,John Mateer,2026,Washington State,3
179,2024,0.3894234090193115,69.70679021445676,0.547486033519553,26.609701492537315,50.0,0.3894234090193115,0.13966480446927373,0.8047825482735225,52,,0,0.7041168906137272,0.31843575418994413,0.027932960893854747,John Michalski,2026,Sacred Heart,1
151,2024,0.7441656259706213,111.62484389559319,0.5933333333333334,26.609701492537315,50.0,0.7441656259706213,0.271523178807947,1.1179034276141555,53,,0,1.123971914867351,0.3973509933774834,0.039735099337748346,Johnathan Bennett,2026,The Citadel,1
275,2024,0.5393797580261862,148.32943345720122,0.6072727272727273,26.609701492537315,50.0,0.5393797580261862,0.18181818181818182,0.6653286218972739,59,,0,0.7498197634289041,0.22545454545454546,0.07272727272727272,Jordan McCloud,2026,Texas State,1
162,2024,0.1352177681238638,21.905278436065934,0.41358024691358025,26.609701492537315,50.0,0.1352177681238638,0.11728395061728394,0.12069845790095789,42,,0,0.22186095159198496,0.2777777777777778,0.030864197530864196,Jordyn Potts,2026,Tennessee Tech,2
405,2024,0.5123068279089855,207.48426530313913,0.5555555555555556,26.609701492537315,50.0,0.5123068279089855,0.20493827160493827,0.5841222036109973,93,,0,0.7351260471314416,0.25679012345679014,0.05185185185185185,Josh Hoover,2026,TCU,3
211,2024,0.2772368400888208,58.4969732587412,0.44075829383886256,26.609701492537315,50.0,0.2772368400888208,0.16113744075829384,0.4854188908518997,64,,0,0.5312725508417662,0.35071090047393366,0.04265402843601896,Justin Fomby,2026,North Carolina A&T,1
408,2024,0.333040183706118,135.88039495209614,0.5073529411764706,26.609701492537315,50.0,0.333040183706118,0.1642156862745098,0.7602366537675812,111,,0,0.6428797211917153,0.29901960784313725,0.051470588235294115,Kadin Semonza,2026,Ball State,2
253,2024,0.3533300768558532,89.39250944453086,0.4901185770750988,26.609701492537315,50.0,0.3533300768558532,0.18181818181818182,0.5542664567872154,72,,0,0.40411702251343434,0.31225296442687744,0.05533596837944664,Kaidon Salter,2026,Liberty,4
237,2024,0.365177644362053,86.54710171380657,0.48523206751054854,26.609701492537315,50.0,0.365177644362053,0.18143459915611815,0.743975398034206,60,,0,0.5248446712940328,0.2869198312236287,0.06751054852320675,Katin Houser,2026,East Carolina,1
184,2024,0.2857499433944287,52.57798958457488,0.5108695652173914,26.609701492537315,50.0,0.2857499433944287,0.125,0.5519986231221089,45,,0,0.558145278046269,0.266304347826087,0.03804347826086957,Keali'i Ah Yat,2026,Montana,2
208,2024,0.4419665665443698,91.92904584122891,0.5673076923076923,26.609701492537315,50.0,0.4419665665443698,0.19230769230769232,0.9161481516701399,41,,0,0.7253353421253469,0.21634615384615385,0.04326923076923077,Kekoa Visperas,2026,Eastern Washington,3
373,2024,0.4988650724997892,186.07667204242136,0.546916890080429,26.609701492537315,50.0,0.4988650724997892,0.20911528150134048,1.0035907157771644,95,,0,0.8620667382600719,0.2734584450402145,0.058981233243967826,Kevin Jennings,2026,SMU,3
299,2024,0.3922642057499855,117.28699751924566,0.5050167224080268,26.609701492537315,50.0,0.3922642057499855,0.22408026755852842,0.4181820276022073,68,,0,0.3333213053193473,0.26421404682274247,0.07357859531772576,Keyone Jenkins,2026,Florida International,2
136,2024,0.19705095232904882,26.79892951675064,0.47794117647058826,26.609701492537315,50.0,0.19705095232904882,0.18382352941176472,0.24481341450236957,37,,0,0.19491696588940238,0.3014705882352941,0.007352941176470588,Kia'i Keone,2026,Northern Colorado,1
265,2024,0.35016800570994744,92.79452151313608,0.4716981132075472,26.609701492537315,50.0,0.35016800570994744,0.17358490566037735,0.5019488033798059,86,,0,0.4739273057610598,0.33584905660377357,0.04905660377358491,Kinkead Dent,2026,UT Martin,2
243,2024,0.12124396525437857,29.462283556813993,0.3950617283950617,26.609701492537315,50.0,0.12124396525437857,0.13991769547325103,0.2564716056560921,68,,0,0.14072532052055156,0.3374485596707819,0.0205761316872428,Kirk Francis,2026,Tulsa,2
401,2024,0.31850511781272867,127.7205522429042,0.5062344139650873,26.609701492537315,50.0,0.31850511781272867,0.18703241895261846,0.5376241429651021,83,,0,0.46024137634734885,0.23690773067331672,0.04488778054862843,Kobe Tracy,2026,Idaho State,1
316,2024,0.6351065275377284,200.6936627019222,0.6044303797468354,26.609701492537315,50.0,0.6351065275377284,0.2310126582278481,1.1125413924846035,72,,0,1.0507935806227744,0.25,0.08227848101265822,Kurtis Rourke,2026,Indiana,1
575,2024,0.5117622599387236,294.2632994647661,0.568695652173913,26.609701492537315,50.0,0.5117622599387236,0.20347826086956522,0.9362544705390053,134,,0,0.8338171660118331,0.26260869565217393,0.05391304347826087,Kyle McCord,2026,Syracuse,1
219,2024,0.3162534838863411,69.2595129711087,0.4748858447488584,26.609701492537315,50.0,0.3162534838863411,0.1780821917808219,0.8389874008333489,57,,0,0.6512784975028117,0.2785388127853881,0.045662100456621,Kyron Drones,2026,Virginia Tech,2
281,2024,0.4498773501380435,126.41553538879022,0.5160142348754448,26.609701492537315,50.0,0.4498773501380435,0.19572953736654805,0.7741043857321749,67,,0,0.5483310401378545,0.25622775800711745,0.042704626334519574,Lanorris Sellers,2026,South Carolina,2
241,2024,0.4251239811094838,102.4548794473856,0.5103734439834025,26.609701492537315,50.0,0.4251239811094838,0.14937759336099585,0.836825479668189,65,,0,0.8434592073530496,0.3070539419087137,0.04979253112033195,Logan Fife,2026,Montana,1
313,2024,0.381666367339459,119.46157297725068,0.4952076677316294,26.609701492537315,50.0,0.381666367339459,0.18849840255591055,0.8962119144872113,76,,0,0.7995071476515672,0.2747603833865815,0.04153354632587859,Luke Altmyer,2026,Illinois,2
316,2024,0.2702353886419486,85.39438281085577,0.5284810126582279,26.609701492537315,50.0,0.2702353886419486,0.14240506329113925,0.6570652374425511,81,,0,0.6011068855284813,0.2626582278481013,0.02531645569620253,Luke Bailey,2026,Drake,3
401,2024,0.3623159600127732,144.9263840051093,0.47,26.609701492537315,50.0,0.3623159600127732,0.1596009975062344,0.3582453339199976,113,,0,0.3158505926421443,0.29925187032418954,0.05486284289276808,Maalik Murphy,2026,Duke,1
390,2024,0.4416507449408373,172.24379052692655,0.5538461538461539,26.609701492537315,50.0,0.4416507449408373,0.18974358974358974,0.6219032400815482,101,,0,0.66765886804052,0.2923076923076923,0.05897435897435897,Maddux Madsen,2026,Boise State,3
238,2024,0.3232935007256152,73.06433116398904,0.5,26.609701492537315,50.0,0.3232935007256152,0.19327731092436976,0.517794822830212,63,,0,0.5076114901800526,0.28991596638655465,0.058823529411764705,Marcel Reed,2026,Texas A&M,2
299,2024,0.35102687437659635,104.9570354386023,0.4882943143812709,26.609701492537315,50.0,0.35102687437659635,0.17391304347826086,0.773488549250488,65,,0,0.691397607407361,0.23076923076923078,0.05016722408026756,Mark Gronowski,2026,South Dakota State,3
108,2024,0.4917918798983078,53.113523029017244,0.5277777777777778,26.609701492537315,50.0,0.4917918798983078,0.2037037037037037,0.6261638238679494,26,,0,0.948358037203632,0.28703703703703703,0.037037037037037035,Marqui Adams,2026,Delaware State,3
278,2024,0.27596226782040695,76.71751045407314,0.5,26.609701492537315,50.0,0.27596226782040695,0.15467625899280577,0.6976960674980601,81,,0,0.6018668257754473,0.29856115107913667,0.03597122302158273,Matt Morrissey,2026,Eastern Kentucky,1
220,2024,0.39923817937189393,87.83239946181666,0.5409090909090909,26.609701492537315,50.0,0.39923817937189393,0.14545454545454545,0.7909757690512254,57,,0,0.7565875677197202,0.3,0.05454545454545454,Matthew Caldwell,2026,Troy,1
220,2024,0.5564050335628766,122.40910738383286,0.5227272727272727,26.609701492537315,50.0,0.5564050335628766,0.22727272727272727,0.5145934718262,55,,0,0.6556212757973072,0.2681818181818182,0.06363636363636363,Matthew Downing,2026,Elon,2
147,2024,0.4223803042867822,62.08990473015698,0.5374149659863946,26.609701492537315,50.0,0.4223803042867822,0.14965986394557823,0.36658837208328815,36,,0,0.4166720648423443,0.2857142857142857,0.013605442176870748,Matthew Schecklman,2026,Northern Iowa,1
471,2024,0.4922605212923733,230.87018448612307,0.5223880597014925,26.609701492537315,50.0,0.4922605212923733,0.1910828025477707,1.0651187654514822,116,,0,1.0899639876438256,0.2632696390658174,0.06157112526539278,Maverick McIvor,2026,Abilene Christian,3
388,2024,0.38462506721700285,149.2345260801971,0.5335051546391752,26.609701492537315,50.0,0.38462506721700285,0.17783505154639176,0.5732783770986105,95,,0,0.6402971180176393,0.25257731958762886,0.03608247422680412,Max Brosmer,2026,Minnesota,1
211,2024,0.5726306491941742,120.82506697997076,0.5971563981042654,26.609701492537315,50.0,0.5726306491941742,0.23696682464454977,1.1627915035712664,45,,0,1.1435566991526305,0.22748815165876776,0.04265402843601896,Mekhi Hagens,2026,Arkansas-Pine Bluff,2
243,2024,0.339904155445359,82.59670977322224,0.4444444444444444,26.609701492537315,50.0,0.339904155445359,0.1522633744855967,0.48707599105214255,57,,0,0.5734195221232522,0.29218106995884774,0.037037037037037035,Michael Van Buren Jr.,2026,Mississippi State,1
349,2024,0.37217118031057184,129.88774192838957,0.4899713467048711,26.609701492537315,50.0,0.37217118031057184,0.15759312320916904,0.7051968206602248,91,,0,0.6947476639903101,0.2836676217765043,0.04297994269340974,Mikey Keene,2026,Fresno State,2
414,2024,0.5464303264211486,225.6757248119344,0.585956416464891,26.609701492537315,50.0,0.5464303264211486,0.2463768115942029,0.6616022740558298,92,,0,0.5484231729931214,0.2318840579710145,0.07004830917874397,Miles Hastings,2026,UC Davis,3
361,2024,0.2976796669642952,107.16468010714627,0.5027777777777778,26.609701492537315,50.0,0.2976796669642952,0.1745152354570637,0.6395502281141837,79,,0,0.5475397779401974,0.23822714681440443,0.0443213296398892,Miller Moss,2026,USC,4
212,2024,0.40399288749203816,85.64649214831209,0.5094339622641509,26.609701492537315,50.0,0.40399288749203816,0.1650943396226415,0.5855441190225986,60,,0,0.4779717696056697,0.32547169811320753,0.0330188679245283,Myles Burkett,2026,UAlbany,1
171,2024,0.31240519503944747,53.10888315670607,0.4411764705882353,26.609701492537315,50.0,0.31240519503944747,0.18128654970760233,0.7548067156827347,57,,0,0.8243469472413388,0.3391812865497076,0.017543859649122806,Myles Crawley,2026,Grambling,2
236,2024,0.6431097867230421,151.77390966663793,0.5805084745762712,26.609701492537315,50.0,0.6431097867230421,0.2711864406779661,1.1550495364685136,70,,0,1.1463707605872682,0.3093220338983051,0.059322033898305086,Nate Glantz,2026,Lindenwood,1
5,2023,0.43048177553048744,2.1524088776524373,0.6,26.47218045112782,50.0,0.43048177553048744,0.4,1.4775078261935566,3,,0,0.7296139783315203,0.8,0.0,Nate Lamb,2026,Western Illinois,1
165,2024,0.3470215021468491,57.2585478542301,0.4666666666666667,26.609701492537315,50.0,0.3470215021468491,0.17575757575757575,0.7208749463036063,44,,0,0.6317790059937369,0.2909090909090909,0.06060606060606061,Nate Yarnell,2026,Pittsburgh,3
177,2024,0.15027134933116204,26.59802883161568,0.4350282485875706,26.609701492537315,50.0,0.15027134933116204,0.11864406779661017,0.3232371769033169,50,,0,0.3651036209389393,0.2937853107344633,0.02824858757062147,Nick Evers,2026,UConn,1
93,2021,0.17327076770090438,16.114181396184108,0.46236559139784944,26.674615384615382,50.0,0.17327076770090438,0.13978494623655913,0.39118961345702596,21,,0,0.06885890290548649,0.2903225806451613,0.043010752688172046,Nick Vattiato,2026,Middle Tennessee,1
332,2024,0.3955323533752005,131.31674132056656,0.5120481927710844,26.609701492537315,50.0,0.3955323533752005,0.1897590361445783,0.8021198266632837,78,,0,0.819875245599913,0.24397590361445784,0.04819277108433735,Nico Iamaleava,2026,Tennessee,2
133,2024,0.32559675497429896,43.30436841158176,0.47368421052631576,26.609701492537315,50.0,0.32559675497429896,0.21052631578947367,0.5698219621237416,45,,0,0.6294148958201308,0.3609022556390977,0.022556390977443608,Noah Bodden,2026,Southern,3
424,2024,0.30244183958982035,128.23533998608383,0.4858490566037736,26.609701492537315,50.0,0.30244183958982035,0.1650943396226415,0.9241690961453165,110,,0,0.8794100208847561,0.2759433962264151,0.04009433962264151,Noah Fifita,2026,Arizona,3
437,2024,0.3030180610174362,131.2068204205499,0.49191685912240185,26.609701492537315,50.0,0.3030180610174362,0.16475972540045766,0.7934856124499139,106,,0,0.6452090965010614,0.2723112128146453,0.04576659038901602,Owen McCown,2026,UTSA,2
155,2024,0.18347368158848057,28.43842064621449,0.3741935483870968,26.609701492537315,50.0,0.18347368158848057,0.18064516129032257,0.5907178664291245,49,,0,0.37161181615946753,0.36129032258064514,0.03870967741935484,Parker Awad,2026,New Mexico State,1
292,2024,0.35986049622657734,105.07926489816059,0.5547945205479452,26.609701492537315,50.0,0.35986049622657734,0.1917808219178082,0.5099993665720771,62,,0,0.613274143462351,0.2226027397260274,0.03767123287671233,Parker Navarro,2026,Ohio,3
291,2024,0.4367515949205867,126.22121093204956,0.532871972318339,26.609701492537315,50.0,0.4367515949205867,0.16151202749140894,0.6099558574380188,84,,0,0.5499371701438105,0.3230240549828179,0.027491408934707903,Pat McQuaide,2026,Nicholls,2
546,2024,0.42770383434947307,233.09858972046283,0.5082568807339449,26.609701492537315,50.0,0.42770383434947307,0.20695970695970695,0.8743137957391585,127,,0,0.8551637606391314,0.24175824175824176,0.04945054945054945,Paxton DeLaurent,2026,Southeast Missouri State,3
313,2024,0.4707812052645629,147.3545172478082,0.5015974440894568,26.609701492537315,50.0,0.4707812052645629,0.21725239616613418,0.6936445273848564,74,,0,0.751401626828495,0.2715654952076677,0.0670926517571885,Payton Thorne,2026,Auburn,2
342,2024,0.5389196813808997,183.77161135088681,0.6011730205278593,26.609701492537315,50.0,0.5389196813808997,0.19005847953216373,0.8656808595341628,77,,0,0.7028938539977027,0.25146198830409355,0.03508771929824561,Pierce Holley,2026,Eastern Illinois,2
337,2024,0.31336770251715906,104.97818034324828,0.5373134328358209,26.609701492537315,50.0,0.31336770251715906,0.13649851632047477,0.6524714372364399,80,,0,0.5626883339359406,0.2522255192878338,0.03857566765578635,Quincy Crittendon,2026,Samford,3
423,2024,0.30707718804621364,129.58657335550217,0.490521327014218,26.609701492537315,50.0,0.30707718804621364,0.20567375886524822,0.6824542736601348,98,,0,0.526896726572544,0.2576832151300236,0.030732860520094562,Quinn Ewers,2026,Texas,3
265,2023,0.5771680462585987,150.06369202723567,0.6307692307692307,26.47218045112782,50.0,0.5771680462585987,0.1811320754716981,0.9926220023307348,66,,0,0.9054463752229687,0.2679245283018868,0.04905660377358491,Ralph Rucker,2026,Bucknell,1
210,2024,0.4091413411290494,85.91968163710037,0.5190476190476191,26.609701492537315,50.0,0.4091413411290494,0.16666666666666666,0.7672028547935861,60,,0,0.7324822428221957,0.319047619047619,0.05238095238095238,Reagan Andrew,2026,Butler,1
125,2024,0.39511972086190544,49.38996510773818,0.528,26.609701492537315,50.0,0.39511972086190544,0.208,0.5286402164480549,29,,0,0.5362619836427329,0.248,0.032,Reggie Graff,2026,Utah Tech,1
309,2024,0.31323725114407575,96.47707335237533,0.5227272727272727,26.609701492537315,50.0,0.31323725114407575,0.13268608414239483,0.49951992249949995,67,,0,0.36745099336867704,0.2588996763754045,0.05177993527508091,Richie Munoz,2026,Weber State,2
395,2024,0.326796039204469,129.08443548576525,0.5189873417721519,26.609701492537315,50.0,0.326796039204469,0.14177215189873418,0.6809101312120333,97,,0,0.71770060522447,0.2607594936708861,0.04556962025316456,Riley Leonard,2026,Notre Dame,1
223,2024,0.1874469296768657,41.800665317941046,0.43946188340807174,26.609701492537315,50.0,0.1874469296768657,0.16591928251121077,0.42215931037287946,58,,0,0.2987661059961596,0.29596412556053814,0.04035874439461883,Robert Coleman,2026,Lamar,2
447,2024,0.3552873193213289,158.81343173663402,0.48769574944071586,26.609701492537315,50.0,0.3552873193213289,0.18791946308724833,0.7125991259815163,124,,0,0.6900607418752146,0.2953020134228188,0.042505592841163314,Rocco Becht,2026,Iowa State,3
313,2024,0.24271405894040327,75.96950044834622,0.4536741214057508,26.609701492537315,50.0,0.24271405894040327,0.18849840255591055,0.6506063449252654,80,,0,0.5755059566232938,0.29073482428115016,0.03514376996805112,Ron Peace,2026,East Texas A&M,1
303,2024,0.3469880652049494,105.13738375709967,0.49834983498349833,26.609701492537315,50.0,0.3469880652049494,0.1716171617161716,0.6954841379071645,64,,0,0.6203177785587957,0.2376237623762376,0.04950495049504951,Sam Leavitt,2026,Arizona State,1
212,2024,0.4478682503183105,94.94806906748182,0.5566037735849056,26.609701492537315,50.0,0.4478682503183105,0.17452830188679244,0.5568945418988713,47,,0,0.3441370175884283,0.25,0.05660377358490566,Sam Vidlak,2026,Stephen F. Austin,1
360,2024,0.47162025893445364,169.7832932164033,0.5361111111111111,26.609701492537315,50.0,0.47162025893445364,0.2111111111111111,0.9996378282046838,71,,0,0.793713719624814,0.2388888888888889,0.06666666666666667,Sawyer Robertson,2026,Baylor,2
213,2024,0.33778178036095907,71.94751921688429,0.5258215962441315,26.609701492537315,50.0,0.33778178036095907,0.16901408450704225,0.49167203217261124,56,,0,0.6041149955950506,0.2863849765258216,0.04225352112676056,Sean Brown,2026,Towson,2
472,2024,0.39168276865649915,184.8742668058676,0.5021186440677966,26.609701492537315,50.0,0.39168276865649915,0.1652542372881356,0.9574751700210214,114,,0,0.9038711410828247,0.2627118644067797,0.048728813559322036,Seth Henigan,2026,Memphis,4
303,2024,0.49004803146792253,147.9945055033126,0.5496688741721855,26.609701492537315,50.0,0.49004803146792253,0.15841584158415842,0.5912982099039236,87,,0,0.629128867083117,0.3069306930693069,0.0462046204620462,Seth Morgan,2026,New Hampshire,1
459,2024,0.4372664679605762,199.83077585798333,0.5448577680525164,26.609701492537315,50.0,0.4372664679605762,0.19172113289760348,0.7909361525303868,98,,0,0.7744312749964287,0.23965141612200436,0.058823529411764705,Shedeur Sanders,2026,Colorado,2
295,2024,0.27903965028942995,82.31669683538183,0.49491525423728816,26.609701492537315,50.0,0.27903965028942995,0.14576271186440679,0.6154286199634494,78,,0,0.46906306753270094,0.29152542372881357,0.0576271186440678,Simon Romfo,2026,North Dakota,3
229,2024,0.16140471140571253,36.961678911908166,0.4366812227074236,26.609701492537315,50.0,0.16140471140571253,0.13100436681222707,0.5065310279501218,56,,0,0.3398165448592436,0.27074235807860264,0.03056768558951965,Skyler Locklear,2026,UTEP,1
260,2024,0.21060434462482933,54.33592091320597,0.44573643410852715,26.609701492537315,50.0,0.21060434462482933,0.16538461538461538,0.46527678606154593,63,,0,0.21239363246651502,0.27692307692307694,0.038461538461538464,Sonny Mannino,2026,Marist,1
267,2024,0.3149352334622301,84.08770733441544,0.5318352059925093,26.609701492537315,50.0,0.3149352334622301,0.16104868913857678,0.667283505172207,61,,0,0.7410325329399172,0.25842696629213485,0.0449438202247191,Spencer Petras,2026,Utah State,1
219,2024,0.3411678932714269,74.71576862644248,0.4885844748858447,26.609701492537315,50.0,0.3411678932714269,0.1735159817351598,0.6972474576212958,57,,0,0.6460821820041344,0.2876712328767123,0.0365296803652968,Taisun Phommachanh,2026,Massachusetts,2
143,2024,0.4134274886740398,59.12013088038769,0.4965034965034965,26.609701492537315,50.0,0.4134274886740398,0.16083916083916083,0.8411074645393845,37,,0,0.8586678754084616,0.2727272727272727,0.04895104895104895,Tak Tateoka,2026,St. Thomas (MN),2
156,2024,0.5650180920944856,88.14282236673975,0.5897435897435898,26.609701492537315,50.0,0.5650180920944856,0.1858974358974359,1.005945850461737,44,,0,1.034632657836734,0.3076923076923077,0.04487179487179487,Taron Dickens,2026,Western Carolina,2
158,2024,0.16001065461836048,25.281683429700955,0.43037974683544306,26.609701492537315,50.0,0.16001065461836048,0.1518987341772152,0.21172097341392027,44,,0,0.16092160393247967,0.2974683544303797,0.04430379746835443,Tate Rodemaker,2026,Southern Miss,1
375,2024,0.4432805915150578,166.23022181814667,0.5333333333333333,26.609701492537315,50.0,0.4432805915150578,0.216,0.8889288676167001,79,,0,0.8920293643203637,0.22666666666666666,0.037333333333333336,Taylen Green,2026,Arkansas,1
156,2024,0.5092494452442026,79.4429134580956,0.48717948717948717,26.609701492537315,50.0,0.5092494452442026,0.1794871794871795,0.784664311689088,55,,0,0.7274099414945552,0.391025641025641,0.09615384615384616,Thomas Castellanos,2026,Boston College,2
277,2024,0.5879774287461329,162.86974776267883,0.5776173285198556,26.609701492537315,50.0,0.5879774287461329,0.18772563176895307,0.9849147930867895,68,,0,0.9722010021936895,0.27075812274368233,0.09747292418772563,Tommy Mellott,2026,Montana State,3
370,2024,0.4042190650163009,149.56105405603134,0.5378378378378378,26.609701492537315,50.0,0.4042190650163009,0.14324324324324325,0.8690515483797638,102,,0,0.8155840752835813,0.28378378378378377,0.03783783783783784,Tommy Rittenhouse,2026,Illinois State,3
137,2024,0.42299484639193097,57.52729910930261,0.41911764705882354,26.609701492537315,50.0,0.42299484639193097,0.24087591240875914,0.565804443208404,35,,0,0.5735427705541445,0.29927007299270075,0.08029197080291971,Tommy Ulatowski,2026,Kent State,3
213,2024,0.37237447891097814,79.31576400803834,0.47417840375586856,26.609701492537315,50.0,0.37237447891097814,0.1596244131455399,0.673113443176361,63,,0,0.679479703418015,0.30985915492957744,0.051643192488262914,Trey Hedden,2026,Furman,1
354,2024,0.2990818189301643,105.87496390127816,0.4830508474576271,26.609701492537315,50.0,0.2990818189301643,0.15819209039548024,0.5308671980073979,95,,0,0.5974670768042988,0.2937853107344633,0.03954802259887006,Tucker Gleason,2026,Toledo,4
204,2024,0.25289376517143725,51.5903280949732,0.5147058823529411,26.609701492537315,50.0,0.25289376517143725,0.18137254901960784,0.575299275730855,47,,0,0.25151059322056535,0.2696078431372549,0.024509803921568627,Ty Pennington,2026,Northern Arizona,1
187,2024,0.5440711194050699,101.197228209343,0.5806451612903226,26.609701492537315,50.0,0.5440711194050699,0.21390374331550802,0.7728373670965742,64,,0,0.7167319179149436,0.36363636363636365,0.026737967914438502,Ty'Jarian Williams,2026,Mississippi Valley State,2
281,2024,0.46710503004189635,131.25651344177288,0.5088967971530249,26.609701492537315,50.0,0.46710503004189635,0.21352313167259787,0.6488010782152575,74,,0,0.6690185141838134,0.2918149466192171,0.03914590747330961,Tyler Huff,2026,Jacksonville State,1
221,2024,0.3822757263884991,84.4829355318583,0.5294117647058824,26.609701492537315,50.0,0.3822757263884991,0.17194570135746606,0.833971446435661,47,,0,0.7142183726865187,0.23529411764705882,0.05429864253393665,Tyler Knoop,2026,Stony Brook,1
383,2024,0.46699368640648525,178.85858189368386,0.4934725848563969,26.609701492537315,50.0,0.46699368640648525,0.19843342036553524,0.7833593326747276,87,,0,0.7666851212045979,0.2506527415143603,0.06005221932114883,Tyler Shough,2026,Louisville,1
283,2024,0.6022494744211683,170.43660126119062,0.5618374558303887,26.609701492537315,50.0,0.6022494744211683,0.24734982332155478,0.6307513704739365,53,,0,0.657264546327967,0.2049469964664311,0.07773851590106007,Victor Gabalis,2026,Tarleton State,2
320,2024,0.31837842762926694,101.88109684136542,0.465625,26.609701492537315,50.0,0.31837842762926694,0.209375,0.5864331200612354,71,,0,0.5136659194202945,0.234375,0.0375,Walker Eget,2026,San José State,3
210,2024,0.43033963084160526,90.3713224767371,0.47619047619047616,26.609701492537315,50.0,0.43033963084160526,0.2,0.7951844178934685,63,,0,0.894425200770144,0.3142857142857143,0.05238095238095238,Walker Harris,2026,North Carolina Central,3
157,2024,0.4285501994508355,67.28238131378117,0.47770700636942676,26.609701492537315,50.0,0.4285501994508355,0.19745222929936307,0.4770118820925591,50,,0,0.5508187938579686,0.3248407643312102,0.07006369426751592,Whitt Newbauer,2026,Mercer,1
368,2024,0.5635605804076607,207.39029359001913,0.6032608695652174,26.609701492537315,50.0,0.5635605804076607,0.2391304347826087,0.7220415342958607,89,,0,0.8284372339200492,0.27445652173913043,0.057065217391304345,Will Howard,2026,Ohio State,1
172,2024,0.5783560572753481,99.47724185135988,0.5523255813953488,26.609701492537315,50.0,0.5783560572753481,0.22674418604651161,0.8421993835494558,39,,0,0.8052796085424981,0.23837209302325582,0.05232558139534884,Will McElvain,2026,Central Arkansas,3
304,2024,0.43622884338094164,132.61356838780625,0.5888157894736842,26.609701492537315,50.0,0.43622884338094164,0.20394736842105263,0.3858305723325016,74,,0,0.28211598745026406,0.2730263157894737,0.039473684210526314,Will Rogers,2026,Washington,1
133,2022,0.31270405355311476,41.276935069011145,0.48484848484848486,26.959541984732827,50.0,0.31270405355311476,0.17293233082706766,0.31344280669606805,30,,0,0.338362828789706,0.24812030075187969,0.03007518796992481,Xaiver Lankford,2026,Alabama A&M,1
354,2024,0.44599852009189084,157.43747759243746,0.5779036827195467,26.609701492537315,50.0,0.44599852009189084,0.17231638418079095,0.9950526111748176,75,,0,0.8625950485309042,0.23728813559322035,0.0480225988700565,Zach Calzada,2026,Incarnate Word,2
149,2024,0.34243507723599215,51.02282650816283,0.5570469798657718,26.609701492537315,50.0,0.34243507723599215,0.14093959731543623,0.3818804998273912,38,,0,0.2941178718130646,0.30201342281879195,0.04697986577181208,Zach Gibson,2026,Georgia State,1
25,2024,0.2860661217894093,7.151653044735233,0.52,26.609701492537315,50.0,0.2860661217894093,0.16,1.4609061096667544,4,-0.600022366765905,1,1.0487204143802225,0.2,0.0,Ty Simpson,2026,Alabama,2
7,2024,0.4757172209203574,3.3300205464425017,0.8571428571428571,26.609701492537315,50.0,0.4757172209203574,0.0,0.2068094057144822,1,,0,0.2068094057144822,0.14285714285714285,0.0,Dante Moore,2026,Oregon,2
