column,dtype,non_null_pct
pass,float32,1.0
rush,float32,1.0
special,float32,1.0
play,float32,1.0
away_coach,object,1.0
stadium_id,object,1.0
game_stadium,object,1.0
aborted_play,float32,1.0
spread_line,float32,1.0
total_line,float32,1.0
div_game,int32,1.0
roof,object,1.0
surface,object,1.0
home_coach,object,1.0
away_score,int32,1.0
home_score,int32,1.0
location,object,1.0
result,int32,1.0
total,int32,1.0
total_away_score,float32,1.0
no_score_prob,float32,1.0
total_home_score,float32,1.0
home_timeouts_remaining,float32,1.0
away_timeouts_remaining,float32,1.0
qb_kneel,float32,1.0
qb_spike,float32,1.0
qb_scramble,float32,1.0
fixed_drive,float32,1.0
nfl_api_id,object,1.0
play_clock,object,1.0
play_deleted,float32,1.0
play_type_nfl,object,1.0
special_teams_play,float32,1.0
series,float32,1.0
series_success,float32,1.0
order_sequence,float32,1.0
start_time,object,1.0
stadium,object,1.0
total_home_raw_air_epa,float32,1.0
total_away_raw_air_epa,float32,1.0
total_home_raw_yac_epa,float32,1.0
total_away_raw_yac_epa,float32,1.0
home_wp,float32,1.0
away_wp,float32,1.0
total_home_comp_air_epa,float32,1.0
total_away_comp_air_epa,float32,1.0
total_home_comp_yac_epa,float32,1.0
total_away_comp_yac_epa,float32,1.0
total_home_epa,float32,1.0
total_away_epa,float32,1.0
total_home_rush_epa,float32,1.0
total_away_rush_epa,float32,1.0
total_home_pass_epa,float32,1.0
total_away_pass_epa,float32,1.0
opp_fg_prob,float32,1.0
opp_safety_prob,float32,1.0
opp_td_prob,float32,1.0
fg_prob,float32,1.0
safety_prob,float32,1.0
td_prob,float32,1.0
extra_point_prob,float32,1.0
two_point_conversion_prob,float32,1.0
season,int64,1.0
replay_or_challenge,float32,1.0
touchback,float32,1.0
total_away_comp_air_wpa,float32,1.0
total_home_comp_yac_wpa,float32,1.0
total_away_comp_yac_wpa,float32,1.0
total_home_raw_air_wpa,float32,1.0
total_away_raw_air_wpa,float32,1.0
total_home_raw_yac_wpa,float32,1.0
total_away_raw_yac_wpa,float32,1.0
total_away_rush_wpa,float32,1.0
total_home_pass_wpa,float32,1.0
total_away_pass_wpa,float32,1.0
total_home_comp_air_wpa,float32,1.0
vegas_home_wp,float32,1.0
total_home_rush_wpa,float32,1.0
out_of_bounds,float32,1.0
home_opening_kickoff,float32,1.0
ydstogo,float32,1.0
desc,object,1.0
shotgun,float32,1.0
no_huddle,float32,1.0
game_half,object,1.0
quarter_end,float32,1.0
sp,float32,1.0
qtr,float32,1.0
goal_to_go,int32,1.0
game_date,object,1.0
play_id,float32,1.0
game_id,object,1.0
old_game_id_x,object,1.0
home_team,object,1.0
away_team,object,1.0
season_type,object,1.0
week,int32,1.0
fixed_drive_result,object,0.9999596599332372
series_result,object,0.9999596599332372
game_seconds_remaining,float32,0.999899149833093
half_seconds_remaining,float32,0.999899149833093
time,object,0.999899149833093
quarter_seconds_remaining,float32,0.999899149833093
vegas_home_wpa,float32,0.9942515404862995
wp,float32,0.9942515404862995
vegas_wp,float32,0.9942515404862995
def_wp,float32,0.9942515404862995
yrdln,object,0.9929505733331989
ydsnet,float32,0.9886039311395061
drive_play_id_started,float32,0.9886039311395061
drive_play_id_ended,float32,0.9886039311395061
drive_play_count,float32,0.9886039311395061
drive_quarter_start,float32,0.9886039311395061
drive_ended_with_score,float32,0.9886039311395061
drive_real_start_time,object,0.9886039311395061
drive,float32,0.9886039311395061
drive_first_downs,float32,0.9886039311395061
drive_inside20,float32,0.9886039311395061
drive_time_of_possession,object,0.9886039311395061
drive_yards_penalized,float32,0.9886039311395061
drive_game_clock_start,object,0.9886039311395061
drive_game_clock_end,object,0.9886039311395061
drive_end_transition,object,0.9886039311395061
drive_quarter_end,float32,0.9886039311395061
drive_start_transition,object,0.9886039311395061
ep,float32,0.988503080972599
success,float32,0.988503080972599
qb_epa,float32,0.988503080972599
epa,float32,0.988503080972599
drive_start_yard_line,object,0.9876256845205079
drive_end_yard_line,object,0.9876256845205079
vegas_wpa,float32,0.9852456205815021
wpa,float32,0.9852456205815021
time_of_day,object,0.9706727714634368
qb_dropback,float32,0.970632431396674
play_type,object,0.970632431396674
kickoff_attempt,float32,0.9697449499278922
return_yards,float32,0.9696945248444386
fumble,float32,0.9696945248444386
own_kickoff_recovery_td,float32,0.9696945248444386
defensive_two_point_conv,float32,0.9696945248444386
first_down,float32,0.9696945248444386
yards_gained,float32,0.9696945248444386
tackle_with_assist,float32,0.9696945248444386
return_touchdown,float32,0.9696945248444386
punt_inside_twenty,float32,0.9696945248444386
comp_air_wpa,float32,0.9696945248444386
punt_in_endzone,float32,0.9696945248444386
first_down_penalty,float32,0.9696945248444386
first_down_pass,float32,0.9696945248444386
first_down_rush,float32,0.9696945248444386
punt_blocked,float32,0.9696945248444386
assist_tackle,float32,0.9696945248444386
lateral_reception,float32,0.9696945248444386
complete_pass,float32,0.9696945248444386
comp_yac_wpa,float32,0.9696945248444386
punt_attempt,float32,0.9696945248444386
interception,float32,0.9696945248444386
fourth_down_failed,float32,0.9696945248444386
incomplete_pass,float32,0.9696945248444386
third_down_failed,float32,0.9696945248444386
kickoff_downed,float32,0.9696945248444386
punt_out_of_bounds,float32,0.9696945248444386
timeout,float32,0.9696945248444386
fourth_down_converted,float32,0.9696945248444386
kickoff_fair_catch,float32,0.9696945248444386
third_down_converted,float32,0.9696945248444386
punt_downed,float32,0.9696945248444386
punt_fair_catch,float32,0.9696945248444386
kickoff_inside_twenty,float32,0.9696945248444386
kickoff_in_endzone,float32,0.9696945248444386
kickoff_out_of_bounds,float32,0.9696945248444386
defensive_extra_point_attempt,float32,0.9696945248444386
defensive_extra_point_conv,float32,0.9696945248444386
safety,float32,0.9696945248444386
penalty,float32,0.9696945248444386
comp_yac_epa,float32,0.9696945248444386
comp_air_epa,float32,0.9696945248444386
defensive_two_point_attempt,float32,0.9696945248444386
own_kickoff_recovery,float32,0.9696945248444386
lateral_rush,float32,0.9696945248444386
rush_touchdown,float32,0.9696945248444386
lateral_recovery,float32,0.9696945248444386
lateral_return,float32,0.9696945248444386
field_goal_attempt,float32,0.9696945248444386
two_point_attempt,float32,0.9696945248444386
extra_point_attempt,float32,0.9696945248444386
qb_hit,float32,0.9696945248444386
tackled_for_loss,float32,0.9696945248444386
fumble_lost,float32,0.9696945248444386
fumble_out_of_bounds,float32,0.9696945248444386
solo_tackle,float32,0.9696945248444386
touchdown,float32,0.9696945248444386
pass_touchdown,float32,0.9696945248444386
pass_attempt,float32,0.9696945248444386
rush_attempt,float32,0.9696945248444386
fumble_not_forced,float32,0.9696945248444386
fumble_forced,float32,0.9696945248444386
sack,float32,0.9696945248444386
weather,object,0.9552225258932804
posteam_type,object,0.9460350756880502
posteam,object,0.9460350756880502
defteam,object,0.9460350756880502
score_differential_post,float32,0.9460350756880502
posteam_score_post,float32,0.9460350756880502
defteam_timeouts_remaining,float32,0.9460350756880502
defteam_score,float32,0.9460350756880502
score_differential,float32,0.9460350756880502
posteam_timeouts_remaining,float32,0.9460350756880502
defteam_score_post,float32,0.9460350756880502
posteam_score,float32,0.9460350756880502
away_wp_post,float32,0.9302015994836471
home_wp_post,float32,0.9302015994836471
yardline_100,float32,0.9293847131317002
defense_numbers,object,0.9286989319967325
side_of_field,object,0.9286989319967325
offense_numbers,object,0.9286989319967325
n_offense,float32,0.9286989319967325
defense_players,object,0.9286989319967325
offense_names,object,0.9286989319967325
offense_players,object,0.9286989319967325
old_game_id_y,object,0.9286989319967325
offense_personnel,object,0.9286989319967325
offense_positions,object,0.9286989319967325
defense_names,object,0.9286989319967325
defense_positions,object,0.9286989319967325
n_defense,float32,0.9286989319967325
possession_team,object,0.9286989319967325
nflverse_game_id,object,0.9286989319967325
defense_personnel,object,0.9286989319967325
players_on_play,object,0.9286989319967325
route,object,0.9285577417630626
defense_man_zone_type,object,0.9285577417630626
was_pressure,object,0.9285577417630626
defenders_in_box,float32,0.9285577417630626
number_of_pass_rushers,float32,0.9155077301652934
end_clock_time,object,0.8430468852425951
down,float32,0.8411710721381244
xpass,float32,0.7624978569339532
id,object,0.7529675161612392
name,object,0.7529675161612392
jersey_number,float32,0.7436691307724115
offense_formation,object,0.7426707141200318
pass_oe,float32,0.7410268563994473
fantasy,object,0.7052452171808344
fantasy_id,object,0.7052452171808344
fantasy_player_id,object,0.6768155551297438
fantasy_player_name,object,0.6768155551297438
temp,float32,0.593311616930726
wind,float32,0.593311616930726
passer_jersey_number,float32,0.4579404378914247
passer_id,object,0.4579202678580433
passer,object,0.4579202678580433
defense_coverage_type,object,0.45709329648940566
passer_player_name,object,0.4122653972992325
passer_player_id,object,0.4122653972992325
solo_tackle_1_team,object,0.4087961515576308
solo_tackle_1_player_id,object,0.4087961515576308
solo_tackle_1_player_name,object,0.4087961515576308
time_to_throw,float32,0.4037939832790423
receiver_jersey_number,float32,0.3885454380427
receiver_id,object,0.3861250340369313
receiver,object,0.3861250340369313
air_yards,float32,0.38151618140928023
air_wpa,float32,0.3800941940558912
pass_location,object,0.3800941940558912
air_epa,float32,0.3800941940558912
yac_epa,float32,0.3800941940558912
yac_wpa,float32,0.3800941940558912
pass_length,object,0.3800941940558912
receiver_player_name,object,0.36606593583912383
receiver_player_id,object,0.36606593583912383
cp,float32,0.36428088788486945
cpoe,float32,0.36428088788486945
xyac_success,float32,0.3402482931109251
xyac_median_yardage,float32,0.3402482931109251
xyac_epa,float32,0.3402482931109251
xyac_fd,float32,0.3402482931109251
xyac_mean_yardage,float32,0.3402482931109251
rusher_player_id,object,0.31074961929061995
rusher_player_name,object,0.31074961929061995
rusher_jersey_number,float32,0.309932732938673
rushing_yards,float32,0.3098823078552195
run_location,object,0.2985467490948698
rusher_id,object,0.29504724830319595
rusher,object,0.29504724830319595
passing_yards,float32,0.24771826497372854
receiving_yards,float32,0.24771826497372854
yards_after_catch,float32,0.24771826497372854
run_gap,object,0.2214064564276854
assist_tackle_1_team,object,0.17362364734713637
assist_tackle_1_player_name,object,0.17362364734713637
assist_tackle_1_player_id,object,0.17362364734713637
kick_distance,float32,0.15199128654557922
return_team,object,0.11078390834736832
assist_tackle_2_team,object,0.11011829724578194
assist_tackle_2_player_name,object,0.11011829724578194
assist_tackle_2_player_id,object,0.11011829724578194
kicker_player_name,object,0.10690117692144781
kicker_player_id,object,0.10690117692144781
penalty_team,object,0.06929414968181773
penalty_yards,float32,0.06929414968181773
penalty_type,object,0.06912270439807577
penalty_player_id,object,0.06353560515142652
penalty_player_name,object,0.06353560515142652
tackle_with_assist_1_team,object,0.06350535010135441
tackle_with_assist_1_player_name,object,0.06350535010135441
tackle_with_assist_1_player_id,object,0.06350535010135441
qb_hit_1_player_name,object,0.06215395786480027
qb_hit_1_player_id,object,0.06215395786480027
tackle_for_loss_1_player_id,object,0.05624413808404853
tackle_for_loss_1_player_name,object,0.05624413808404853
pass_defense_1_player_name,object,0.04699617777867422
pass_defense_1_player_id,object,0.04699617777867422
punter_player_id,object,0.04509010962413143
punter_player_name,object,0.04509010962413143
timeout_team,object,0.0438294825377936
punt_returner_player_id,object,0.03182831267585748
punt_returner_player_name,object,0.03182831267585748
td_player_name,object,0.028621277368214043
td_player_id,object,0.028621277368214043
td_team,object,0.028621277368214043
extra_point_result,object,0.025615942394384663
sack_player_id,object,0.025283136843591476
sack_player_name,object,0.025283136843591476
field_goal_result,object,0.02292324293796706
kickoff_returner_player_id,object,0.01710418830743165
kickoff_returner_player_name,object,0.01710418830743165
fumbled_1_player_id,object,0.013392902165253084
fumbled_1_team,object,0.013392902165253084
fumbled_1_player_name,object,0.013392902165253084
fumble_recovery_1_yards,float32,0.012142360095605959
fumble_recovery_1_player_name,object,0.012142360095605959
fumble_recovery_1_player_id,object,0.012142360095605959
fumble_recovery_1_team,object,0.012142360095605959
forced_fumble_player_1_player_id,object,0.009177365188539387
forced_fumble_player_1_player_name,object,0.009177365188539387
forced_fumble_player_1_team,object,0.009177365188539387
interception_player_id,object,0.008552094153715824
interception_player_name,object,0.008552094153715824
replay_or_challenge_result,object,0.00695866151658481
half_sack_2_player_name,object,0.003257460391096947
half_sack_1_player_id,object,0.003257460391096947
half_sack_1_player_name,object,0.003257460391096947
half_sack_2_player_id,object,0.003257460391096947
qb_hit_2_player_id,object,0.0029851649404479762
qb_hit_2_player_name,object,0.0029851649404479762
two_point_conv_result,object,0.0028238046733967343
pass_defense_2_player_id,object,0.0020371733715219297
pass_defense_2_player_name,object,0.0020371733715219297
solo_tackle_2_team,object,0.001069011769214478
solo_tackle_2_player_id,object,0.001069011769214478
solo_tackle_2_player_name,object,0.001069011769214478
blocked_player_id,object,0.000776546285184102
blocked_player_name,object,0.000776546285184102
lateral_receiver_player_name,object,0.00028238046733967346
lateral_receiver_player_id,object,0.00028238046733967346
lateral_receiving_yards,float32,0.00028238046733967346
safety_player_name,object,0.00019161531712334984
safety_player_id,object,0.00019161531712334984
fumble_recovery_2_player_name,object,0.00012102020028843147
fumble_recovery_2_player_id,object,0.00012102020028843147
fumble_recovery_2_yards,float32,0.00012102020028843147
fumble_recovery_2_team,object,0.00012102020028843147
fumbled_2_player_id,object,0.00011093518359772885
fumbled_2_player_name,object,0.00011093518359772885
fumbled_2_team,object,0.00011093518359772885
lateral_rushing_yards,float32,6.051010014421574e-05
lateral_rusher_player_name,object,6.051010014421574e-05
lateral_rusher_player_id,object,6.051010014421574e-05
own_kickoff_recovery_player_name,object,5.0425083453513115e-05
forced_fumble_player_2_player_name,object,5.0425083453513115e-05
own_kickoff_recovery_player_id,object,5.0425083453513115e-05
forced_fumble_player_2_player_id,object,5.0425083453513115e-05
forced_fumble_player_2_team,object,5.0425083453513115e-05
lateral_kickoff_returner_player_name,object,4.034006676281049e-05
lateral_kickoff_returner_player_id,object,4.034006676281049e-05
assist_tackle_4_player_name,object,3.025505007210787e-05
assist_tackle_3_team,object,3.025505007210787e-05
assist_tackle_3_player_name,object,3.025505007210787e-05
assist_tackle_4_player_id,object,3.025505007210787e-05
assist_tackle_3_player_id,object,3.025505007210787e-05
assist_tackle_4_team,object,3.025505007210787e-05
lateral_interception_player_id,object,2.0170033381405247e-05
lateral_interception_player_name,object,2.0170033381405247e-05
ngs_air_yards,float32,0.0
tackle_for_loss_2_player_name,object,0.0
tackle_with_assist_2_player_name,object,0.0
tackle_for_loss_2_player_id,object,0.0
tackle_with_assist_2_player_id,object,0.0
tackle_with_assist_2_team,object,0.0
st_play_type,object,0.0
end_yard_line,object,0.0
lateral_sack_player_id,object,0.0
lateral_sack_player_name,object,0.0
lateral_punt_returner_player_name,object,0.0
lateral_punt_returner_player_id,object,0.0
